"","seqnames","start","end","width","strand","X"
"1","chr1",8883994,8883994,1,"*","GGaluGA004629"
"2","chr1",8912936,8912936,1,"*","rs13825301"
"3","chr1",8959004,8959004,1,"*","rs13825272"
"4","chr1",22507858,22507858,1,"*","GGaluGA008073"
"5","chr1",22867275,22867275,1,"*","rs13837921"
"6","chr1",28519753,28519753,1,"*","rs15218822"
"7","chr1",28742506,28742506,1,"*","rs14804265"
"8","chr1",31407322,31407322,1,"*","rs13846427"
"9","chr1",31520500,31520500,1,"*","rs14806960"
"10","chr1",33109344,33109344,1,"*","rs13847756"
"11","chr1",33267647,33267647,1,"*","rs13847968"
"12","chr1",36168263,36168263,1,"*","rs13851434"
"13","chr1",53135388,53135388,1,"*","rs15269313"
"14","chr1",53885881,53885881,1,"*","rs15271259"
"15","chr1",56231310,56231310,1,"*","GGaluGA019406"
"16","chr1",88288637,88288637,1,"*","rs13899455"
"17","chr1",89793898,89793898,1,"*","GGaluGA031297"
"18","chr1",110534187,110534187,1,"*","GGaluGA037575"
"19","chr1",114118715,114118715,1,"*","rs13924664"
"20","chr1",114329382,114329382,1,"*","rs15391489"
"21","chr1",114899198,114899198,1,"*","rs13685179"
"22","chr1",115102530,115102530,1,"*","GGaluGA039228"
"23","chr1",119465676,119465676,1,"*","GGaluGA040341"
"24","chr1",126167075,126167075,1,"*","rs16700386"
"25","chr1",134143579,134143579,1,"*","rs13942473"
"26","chr1",134365873,134365873,1,"*","GGaluGA045585"
"27","chr1",138289666,138289666,1,"*","rs13946241"
"28","chr1",139032578,139032578,1,"*","rs13947262"
"29","chr1",139800740,139800740,1,"*","rs13948095"
"30","chr1",142848010,142848010,1,"*","rs15447965"
"31","chr1",142974310,142974310,1,"*","rs13711544"
"32","chr1",143003837,143003837,1,"*","rs13950063"
"33","chr1",143317865,143317865,1,"*","rs15448329"
"34","chr1",143407863,143407863,1,"*","rs15448487"
"35","chr1",145579464,145579464,1,"*","rs14899834"
"36","chr1",145647342,145647342,1,"*","rs13952858"
"37","chr1",150929579,150929579,1,"*","GGaluGA050418"
"38","chr1",151443877,151443877,1,"*","rs13957253"
"39","chr1",153645775,153645775,1,"*","rs13960405"
"40","chr1",153846618,153846618,1,"*","rs15471722"
"41","chr1",154088899,154088899,1,"*","rs13960841"
"42","chr1",154915579,154915579,1,"*","rs13961494"
"43","chr1",168271271,168271271,1,"*","rs13552040"
"44","chr1",169935296,169935296,1,"*","rs15497910"
"45","chr1",170029167,170029167,1,"*","rs14916997"
"46","chr1",170439956,170439956,1,"*","GGaluGA055001"
"47","chr1",171185457,171185457,1,"*","rs13973511"
"48","chr1",171329418,171329418,1,"*","rs15501715"
"49","chr1",171549616,171549616,1,"*","rs15502284"
"50","chr1",171601631,171601631,1,"*","rs14918643"
"51","chr1",172867207,172867207,1,"*","GGaluGA055855"
"52","chr1",173815317,173815317,1,"*","rs13554510"
"53","chr1",174118054,174118054,1,"*","rs14920831"
"54","chr1",174515225,174515225,1,"*","rs14921242"
"55","chr1",174860183,174860183,1,"*","rs15510823"
"56","chr1",175102555,175102555,1,"*","rs13977846"
"57","chr1",176059576,176059576,1,"*","rs13978862"
"58","chr1",176557071,176557071,1,"*","GGaluGA057412"
"59","chr1",176839439,176839439,1,"*","rs10724909"
"60","chr1",176999778,176999778,1,"*","rs14924102"
"61","chr1",177369732,177369732,1,"*","rs15516954"
"62","chr1",182553715,182553715,1,"*","GGaluGA059924"
"63","chr1",182715674,182715674,1,"*","rs13986891"
"64","chr1",182753191,182753191,1,"*","rs15531536"
"65","chr1",182857245,182857245,1,"*","rs13558364"
"66","chr1",188859040,188859040,1,"*","rs14935021"
"67","chr1",189119224,189119224,1,"*","rs14935211"
"68","chr1",189536264,189536264,1,"*","rs16016391"
"69","chr1",197269868,197269868,1,"*","GGaluGA064535"
"70","chr1",197121948,197121948,1,"*","rs13997945"
"71","chr1",196781584,196781584,1,"*","rs13997503"
"72","chr2",4281624,4281624,1,"*","rs14130583"
"73","chr2",4832839,4832839,1,"*","rs14131271"
"74","chr2",7139845,7139845,1,"*","rs14134143"
"75","chr2",7979509,7979509,1,"*","rs14135238"
"76","chr2",15668263,15668263,1,"*","rs15901398"
"77","chr2",15960892,15960892,1,"*","rs14143697"
"78","chr2",32294383,32294383,1,"*","rs14160866"
"79","chr2",32517648,32517648,1,"*","rs14161161"
"80","chr2",38611266,38611266,1,"*","rs15954696"
"81","chr2",48229012,48229012,1,"*","rs14178920"
"82","chr2",48369404,48369404,1,"*","rs13674186"
"83","chr2",48959570,48959570,1,"*","rs14179910"
"84","chr2",54493128,54493128,1,"*","rs13616570"
"85","chr2",54685904,54685904,1,"*","rs13616625"
"86","chr2",57078372,57078372,1,"*","rs14187137"
"87","chr2",57859895,57859895,1,"*","rs16003384"
"88","chr2",58014454,58014454,1,"*","rs16003882"
"89","chr2",58808078,58808078,1,"*","rs15104581"
"90","chr2",59215266,59215266,1,"*","rs15105085"
"91","chr2",59488247,59488247,1,"*","rs15105267"
"92","chr2",60029533,60029533,1,"*","rs15105825"
"93","chr2",60044285,60044285,1,"*","rs14190959"
"94","chr2",60219616,60219616,1,"*","GGaluGA149283"
"95","chr2",60332627,60332627,1,"*","GGaluGA149337"
"96","chr2",60454850,60454850,1,"*","rs15106275"
"97","chr2",60756842,60756842,1,"*","GGaluGA149507"
"98","chr2",61563044,61563044,1,"*","rs15107321"
"99","chr2",61627146,61627146,1,"*","GGaluGA149890"
"100","chr2",61896718,61896718,1,"*","rs14193231"
"101","chr2",62142331,62142331,1,"*","rs15107772"
"102","chr2",62828387,62828387,1,"*","rs15108562"
"103","chr2",63074871,63074871,1,"*","rs16018716"
"104","chr2",64173991,64173991,1,"*","rs14196021"
"105","chr2",107036264,107036264,1,"*","rs14231855"
"106","chr2",107723267,107723267,1,"*","rs14232197"
"107","chr2",110023464,110023464,1,"*","GGaluGA163475"
"108","chr2",110394113,110394113,1,"*","GGaluGA163572"
"109","chr2",110588801,110588801,1,"*","rs15142701"
"110","chr2",111724417,111724417,1,"*","rs15143460"
"111","chr2",113557881,113557881,1,"*","rs14237177"
"112","chr2",113768423,113768423,1,"*","rs15144660"
"113","chr2",114438768,114438768,1,"*","GGaluGA164669"
"114","chr2",122996546,122996546,1,"*","rs14246599"
"115","chr2",123388691,123388691,1,"*","rs15151865"
"116","chr2",123931871,123931871,1,"*","rs13731505"
"117","chr2",124330906,124330906,1,"*","rs15152858"
"118","chr2",124494522,124494522,1,"*","rs14248232"
"119","chr2",125221136,125221136,1,"*","GGaluGA167570"
"120","chr2",125597063,125597063,1,"*","rs13732216"
"121","chr2",137648430,137648430,1,"*","GGaluGA171053"
"122","chr2",137951282,137951282,1,"*","rs13762060"
"123","chr2",138390893,138390893,1,"*","rs15166625"
"124","chr2",147602898,147602898,1,"*","rs13758837"
"125","chr2",148227337,148227337,1,"*","rs14255302"
"126","chr2",148291979,148291979,1,"*","rs15158686"
"127","chr3",1072203,1072203,1,"*","rs16213592"
"128","chr3",1599046,1599046,1,"*","rs15253640"
"129","chr3",2358772,2358772,1,"*","rs14308203"
"130","chr3",3498545,3498545,1,"*","rs14309765"
"131","chr3",3621455,3621455,1,"*","GGaluGA203812"
"132","chr3",3711335,3711335,1,"*","rs15258124"
"133","chr3",3751099,3751099,1,"*","rs15258238"
"134","chr3",12869066,12869066,1,"*","GGaluGA208351"
"135","chr3",23496769,23496769,1,"*","rs15298122"
"136","chr3",24889460,24889460,1,"*","rs16240366"
"137","chr3",25708512,25708512,1,"*","Marker2"
"138","chr3",26009510,26009510,1,"*","rs14330022"
"139","chr3",26073255,26073255,1,"*","Marker3"
"140","chr3",26412270,26412270,1,"*","rs15304870"
"141","chr3",28587210,28587210,1,"*","rs14333004"
"142","chr3",31255160,31255160,1,"*","rs15316026"
"143","chr3",31809866,31809866,1,"*","rs14336675"
"144","chr3",31857674,31857674,1,"*","rs14336735"
"145","chr3",32152116,32152116,1,"*","rs15317596"
"146","chr3",32192270,32192270,1,"*","GGaluGA215531"
"147","chr3",32399073,32399073,1,"*","Marker5"
"148","chr3",32556158,32556158,1,"*","GGaluGA215614"
"149","chr3",32575962,32575962,1,"*","GGaluGA215621"
"150","chr3",33032343,33032343,1,"*","rs14338141"
"151","chr3",33634918,33634918,1,"*","rs15321683"
"152","chr3",33688324,33688324,1,"*","rs14339147"
"153","chr3",33710133,33710133,1,"*","GGaluGA216062"
"154","chr3",33896805,33896805,1,"*","rs14339371"
"155","chr3",35386710,35386710,1,"*","rs15325781"
"156","chr3",35754428,35754428,1,"*","rs14341292"
"157","chr3",39367191,39367191,1,"*","Marker6"
"158","chr3",39586091,39586091,1,"*","GGaluGA218114"
"159","chr3",39785155,39785155,1,"*","rs13675715"
"160","chr3",40594629,40594629,1,"*","rs14345265"
"161","chr3",41674675,41674675,1,"*","rs16260715"
"162","chr3",43861841,43861841,1,"*","rs14348927"
"163","chr3",48438976,48438976,1,"*","rs15353237"
"164","chr3",49380495,49380495,1,"*","rs15354060"
"165","chr3",51158428,51158428,1,"*","rs16277130"
"166","chr3",59884661,59884661,1,"*","rs14366015"
"167","chr3",61827076,61827076,1,"*","rs14367135"
"168","chr3",62292022,62292022,1,"*","rs14367728"
"169","chr3",65455907,65455907,1,"*","rs16292045"
"170","chr3",71962536,71962536,1,"*","rs14376924"
"171","chr3",72321237,72321237,1,"*","rs14377280"
"172","chr3",74350230,74350230,1,"*","GGaluGA228961"
"173","chr3",75158103,75158103,1,"*","rs14379317"
"174","chr3",75239298,75239298,1,"*","GGaluGA229397"
"175","chr3",87041387,87041387,1,"*","rs14391656"
"176","chr4",1336971,1336971,1,"*","rs13546253"
"177","chr4",1455723,1455723,1,"*","rs14417942"
"178","chr4",1871408,1871408,1,"*","rs13640446"
"179","chr4",2115470,2115470,1,"*","rs16349948"
"180","chr4",3410121,3410121,1,"*","rs14420933"
"181","chr4",4043344,4043344,1,"*","rs14421644"
"182","chr4",4831352,4831352,1,"*","rs15480969"
"183","chr4",5037081,5037081,1,"*","rs16354734"
"184","chr4",6518892,6518892,1,"*","rs15484255"
"185","chr4",6657981,6657981,1,"*","rs15484517"
"186","chr4",8541820,8541820,1,"*","rs14425813"
"187","chr4",8894086,8894086,1,"*","rs13642985"
"188","chr4",8953819,8953819,1,"*","rs16358611"
"189","chr4",9023052,9023052,1,"*","GGaluGA244891"
"190","chr4",9268278,9268278,1,"*","rs13643096"
"191","chr4",9310236,9310236,1,"*","Marker12"
"192","chr4",10513243,10513243,1,"*","Marker7"
"193","chr4",11243268,11243268,1,"*","rs14428592"
"194","chr4",11574948,11574948,1,"*","rs16362121"
"195","chr4",11666556,11666556,1,"*","GGaluGA246087"
"196","chr4",11834443,11834443,1,"*","rs14429288"
"197","chr4",12034060,12034060,1,"*","rs15496424"
"198","chr4",12447598,12447598,1,"*","rs15497374"
"199","chr4",12697080,12697080,1,"*","GGaluGA246569"
"200","chr4",13006289,13006289,1,"*","rs15499036"
"201","chr4",13022729,13022729,1,"*","Marker8"
"202","chr4",13319592,13319592,1,"*","rs15500313"
"203","chr4",13493649,13493649,1,"*","rs14431207"
"204","chr4",13963929,13963929,1,"*","rs16365798"
"205","chr4",13985891,13985891,1,"*","Marker9"
"206","chr4",16398437,16398437,1,"*","rs16368918"
"207","chr4",16479055,16479055,1,"*","rs16369100"
"208","chr4",16569018,16569018,1,"*","Marker10"
"209","chr4",17464418,17464418,1,"*","Marker11"
"210","chr4",22547541,22547541,1,"*","rs14438414"
"211","chr4",25417363,25417363,1,"*","rs15519569"
"212","chr4",27108797,27108797,1,"*","rs14442238"
"213","chr4",27621306,27621306,1,"*","rs14442566"
"214","chr4",28538804,28538804,1,"*","rs13578284"
"215","chr4",29772253,29772253,1,"*","rs14445127"
"216","chr4",35191748,35191748,1,"*","rs16390717"
"217","chr4",35347866,35347866,1,"*","rs14452299"
"218","chr4",36345969,36345969,1,"*","rs10724211"
"219","chr4",37601740,37601740,1,"*","rs15546807"
"220","chr4",38425911,38425911,1,"*","GGaluGA254956"
"221","chr4",44503609,44503609,1,"*","rs15560796"
"222","chr4",44575934,44575934,1,"*","rs14461403"
"223","chr4",46257248,46257248,1,"*","GGaluGA257597"
"224","chr4",46325145,46325145,1,"*","rs14464075"
"225","chr4",46385354,46385354,1,"*","rs14464166"
"226","chr4",64578039,64578039,1,"*","GGaluGA263285"
"227","chr4",68634483,68634483,1,"*","GGaluGA264829"
"228","chr4",75060821,75060821,1,"*","rs14707202"
"229","chr4",75374572,75374572,1,"*","rs14491212"
"230","chr4",75598486,75598486,1,"*","GGaluGA266219"
"231","chr4",77294675,77294675,1,"*","rs14493368"
"232","chr4",81386549,81386549,1,"*","GGaluGA268079"
"233","chr4",81436656,81436656,1,"*","rs16444662"
"234","chr4",81735196,81735196,1,"*","rs14498744"
"235","chr4",82511289,82511289,1,"*","rs13666708"
"236","chr5",1104884,1104884,1,"*","rs14509739"
"237","chr5",13141850,13141850,1,"*","rs14517294"
"238","chr5",14705417,14705417,1,"*","rs16470529"
"239","chr5",14916273,14916273,1,"*","rs14519046"
"240","chr5",15226128,15226128,1,"*","rs16471227"
"241","chr5",29463782,29463782,1,"*","rs14529550"
"242","chr5",29662907,29662907,1,"*","rs14529823"
"243","chr5",30840748,30840748,1,"*","rs14530742"
"244","chr5",40308075,40308075,1,"*","rs16497630"
"245","chr5",40438740,40438740,1,"*","rs16497832"
"246","chr5",41872775,41872775,1,"*","rs14538643"
"247","chr5",42026302,42026302,1,"*","rs14538761"
"248","chr5",42230181,42230181,1,"*","rs14539010"
"249","chr5",42552420,42552420,1,"*","GGaluGA285599"
"250","chr5",53128761,53128761,1,"*","rs16513826"
"251","chr5",56353272,56353272,1,"*","GGaluGA291307"
"252","chr5",56418928,56418928,1,"*","rs14554723"
"253","chr6",3515247,3515247,1,"*","rs14561934"
"254","chr6",3587916,3587916,1,"*","rs14562053"
"255","chr6",4024621,4024621,1,"*","rs13562096"
"256","chr6",4134668,4134668,1,"*","rs15758084"
"257","chr6",4556748,4556748,1,"*","GGaluGA294777"
"258","chr6",5039931,5039931,1,"*","rs14564481"
"259","chr6",11194538,11194538,1,"*","GGaluGA297847"
"260","chr6",11467397,11467397,1,"*","rs16542328"
"261","chr6",12199342,12199342,1,"*","GGaluGA298346"
"262","chr6",16078352,16078352,1,"*","GGaluGA299172"
"263","chr6",30948855,30948855,1,"*","rs16564590"
"264","chr6",31298570,31298570,1,"*","rs13582156"
"265","chr7",5203561,5203561,1,"*","rs13740371"
"266","chr7",5365428,5365428,1,"*","rs16578406"
"267","chr7",5755203,5755203,1,"*","rs14603605"
"268","chr7",11524843,11524843,1,"*","rs14608276"
"269","chr7",15227848,15227848,1,"*","rs14610843"
"270","chr7",15497325,15497325,1,"*","rs15852323"
"271","chr7",15595618,15595618,1,"*","rs14610961"
"272","chr7",15837898,15837898,1,"*","rs15852983"
"273","chr7",16188127,16188127,1,"*","rs15853763"
"274","chr7",16251919,16251919,1,"*","rs15853804"
"275","chr7",16869624,16869624,1,"*","rs15854130"
"276","chr7",18408359,18408359,1,"*","rs14613022"
"277","chr7",18534663,18534663,1,"*","rs15856536"
"278","chr7",21223213,21223213,1,"*","rs16595819"
"279","chr7",22114150,22114150,1,"*","Marker13"
"280","chr7",22146024,22146024,1,"*","rs14616187"
"281","chr7",22434469,22434469,1,"*","rs14616506"
"282","chr7",22509726,22509726,1,"*","rs14616563"
"283","chr7",23083111,23083111,1,"*","rs14617291"
"284","chr7",23227562,23227562,1,"*","Marker14"
"285","chr7",23610301,23610301,1,"*","GGaluGA316604"
"286","chr7",23803465,23803465,1,"*","GGaluGA316675"
"287","chr7",23905371,23905371,1,"*","Marker15"
"288","chr7",24066163,24066163,1,"*","rs15867135"
"289","chr7",24999278,24999278,1,"*","rs15869123"
"290","chr7",25272306,25272306,1,"*","rs14619645"
"291","chr7",25476076,25476076,1,"*","Marker16"
"292","chr7",25487639,25487639,1,"*","rs15870230"
"293","chr7",25761903,25761903,1,"*","rs14620221"
"294","chr7",25771481,25771481,1,"*","rs15870814"
"295","chr7",25977002,25977002,1,"*","GGaluGA317562"
"296","chr7",26002717,26002717,1,"*","Marker17"
"297","chr7",26378440,26378440,1,"*","rs15872202"
"298","chr7",26415070,26415070,1,"*","rs14620923"
"299","chr7",27500305,27500305,1,"*","Marker18"
"300","chr7",27514151,27514151,1,"*","rs16604163"
"301","chr7",27678970,27678970,1,"*","rs14622611"
"302","chr7",27857686,27857686,1,"*","GGaluGA318591"
"303","chr7",28423487,28423487,1,"*","rs15877431"
"304","chr7",29015572,29015572,1,"*","rs16606622"
"305","chr7",30264128,30264128,1,"*","rs13599343"
"306","chr7",30366193,30366193,1,"*","Marker19"
"307","chr7",30545709,30545709,1,"*","rs16609104"
"308","chr7",30889416,30889416,1,"*","rs14626865"
"309","chr7",31019827,31019827,1,"*","rs15882678"
"310","chr7",31052896,31052896,1,"*","rs15882768"
"311","chr7",31082936,31082936,1,"*","Marker20"
"312","chr7",31083942,31083942,1,"*","rs13599796"
"313","chr7",32598871,32598871,1,"*","rs13600284"
"314","chr7",32821843,32821843,1,"*","rs13600357"
"315","chr7",33194271,33194271,1,"*","rs14629061"
"316","chr7",34990521,34990521,1,"*","rs14631221"
"317","chr7",35081779,35081779,1,"*","rs14631311"
"318","chr7",35211216,35211216,1,"*","Marker21"
"319","chr8",6809552,6809552,1,"*","GGaluGA324571"
"320","chr8",6914372,6914372,1,"*","rs13662679"
"321","chr8",23368806,23368806,1,"*","GGaluGA330803"
"322","chr8",23646209,23646209,1,"*","rs14653619"
"323","chr9",17950145,17950145,1,"*","rs15979763"
"324","chr9",18095342,18095342,1,"*","GGaluGA342235"
"325","chr9",18937734,18937734,1,"*","rs14679078"
"326","chr9",19034549,19034549,1,"*","rs14679184"
"327","chr9",23325868,23325868,1,"*","rs16682162"
"328","chr10",1699302,1699302,1,"*","rs14000513"
"329","chr10",5504814,5504814,1,"*","GGaluGA067557"
"330","chr10",6308806,6308806,1,"*","rs15570463"
"331","chr10",8968169,8968169,1,"*","GGaluGA068581"
"332","chr10",13266474,13266474,1,"*","rs14949820"
"333","chr10",13456301,13456301,1,"*","GGaluGA070600"
"334","chr10",13463531,13463531,1,"*","rs14950004"
"335","chr11",6253829,6253829,1,"*","rs14021051"
"336","chr11",8480151,8480151,1,"*","GGaluGA076835"
"337","chr11",8512427,8512427,1,"*","rs14023091"
"338","chr11",8738834,8738834,1,"*","rs14963115"
"339","chr11",14411766,14411766,1,"*","GGaluGA078617"
"340","chr12",909193,909193,1,"*","rs14030012"
"341","chr12",1085943,1085943,1,"*","rs14030273"
"342","chr12",1092083,1092083,1,"*","GGaluGA080760"
"343","chr12",1657132,1657132,1,"*","rs15630281"
"344","chr12",5174128,5174128,1,"*","rs15637974"
"345","chr12",6195552,6195552,1,"*","GGaluGA083170"
"346","chr12",12548633,12548633,1,"*","GGaluGA086289"
"347","chr12",17594515,17594515,1,"*","rs15668436"
"348","chr13",2679299,2679299,1,"*","rs13728542"
"349","chr13",5735195,5735195,1,"*","rs15684129"
"350","chr13",6723984,6723984,1,"*","rs13726878"
"351","chr13",6887284,6887284,1,"*","GGaluGA092886"
"352","chr13",7733165,7733165,1,"*","rs14988175"
"353","chr13",10685384,10685384,1,"*","rs14059068"
"354","chr13",10803298,10803298,1,"*","GGaluGA094688"
"355","chr13",14330258,14330258,1,"*","rs14066803"
"356","chr13",16115017,16115017,1,"*","rs14064249"
"357","chr13",16627924,16627924,1,"*","GGaluGA097819"
"358","chr14",618464,618464,1,"*","rs14068810"
"359","chr14",1633479,1633479,1,"*","rs14069341"
"360","chr14",5512479,5512479,1,"*","GGaluGA101176"
"361","chr14",5752046,5752046,1,"*","GGaluGA101359"
"362","chr14",7436317,7436317,1,"*","rs15732170"
"363","chr15",1263626,1263626,1,"*","GGaluGA106190"
"364","chr15",1325903,1325903,1,"*","rs10727523"
"365","chr15",2153048,2153048,1,"*","rs14087518"
"366","chr15",3316936,3316936,1,"*","rs15766580"
"367","chr15",3511284,3511284,1,"*","rs13629147"
"368","chr15",3752641,3752641,1,"*","rs15019205"
"369","chr15",4003356,4003356,1,"*","rs14089031"
"370","chr15",4209662,4209662,1,"*","rs15768030"
"371","chr15",11029748,11029748,1,"*","GGaluGA110996"
"372","chr17",6977623,6977623,1,"*","rs13661980"
"373","chr17",7144010,7144010,1,"*","GGaluGA116261"
"374","chr17",9168375,9168375,1,"*","rs14097271"
"375","chr17",9838956,9838956,1,"*","rs14096980"
"376","chr17",9939548,9939548,1,"*","rs15788683"
"377","chr17",9951251,9951251,1,"*","rs14096932"
"378","chr18",4348979,4348979,1,"*","GGaluGA120083"
"379","chr18",4632329,4632329,1,"*","rs14110461"
"380","chr18",9132088,9132088,1,"*","rs14114764"
"381","chr18",9229590,9229590,1,"*","GGaluGA122488"
"382","chr19",4497213,4497213,1,"*","rs15844211"
"383","chr19",4763588,4763588,1,"*","GGaluGA126449"
"384","chr19",5232086,5232086,1,"*","rs15047874"
"385","chr20",8247515,8247515,1,"*","rs14276041"
"386","chr20",8588661,8588661,1,"*","rs13633764"
"387","chr20",9112463,9112463,1,"*","rs14277030"
"388","chr20",9254344,9254344,1,"*","rs16170672"
"389","chr20",9293176,9293176,1,"*","GGaluGA179602"
"390","chr20",9318457,9318457,1,"*","rs16170791"
"391","chr20",9340296,9340296,1,"*","Marker1"
"392","chr20",9347785,9347785,1,"*","rs14277355"
"393","chr20",9393716,9393716,1,"*","rs15176591"
"394","chr20",10331845,10331845,1,"*","rs14278283"
"395","chr20",10807921,10807921,1,"*","rs14278589"
"396","chr20",10966166,10966166,1,"*","rs16172794"
"397","chr20",10988542,10988542,1,"*","rs14278769"
"398","chr20",11205677,11205677,1,"*","rs13634772"
"399","chr20",11618961,11618961,1,"*","rs15178599"
"400","chr20",11826800,11826800,1,"*","rs16174224"
"401","chr20",12124081,12124081,1,"*","rs14280118"
"402","chr20",12538509,12538509,1,"*","rs14280503"
"403","chr20",12594086,12594086,1,"*","rs16175399"
"404","chr20",12711116,12711116,1,"*","rs16175483"
"405","chr20",12771862,12771862,1,"*","rs14280615"
"406","chr21",2970982,2970982,1,"*","rs16179580"
"407","chr21",3123377,3123377,1,"*","rs15182642"
"408","chr21",3408537,3408537,1,"*","rs15182893"
"409","chr22",2319691,2319691,1,"*","GGaluGA186129"
"410","chr22",2335607,2335607,1,"*","rs14690326"
"411","chr22",2493615,2493615,1,"*","GGaluGA186192"
"412","chr23",586762,586762,1,"*","rs14287724"
"413","chr23",1169505,1169505,1,"*","GGaluGA187500"
"414","chr23",4731816,4731816,1,"*","rs15205573"
"415","chr24",1553282,1553282,1,"*","rs13604387"
"416","chr24",1722880,1722880,1,"*","rs14293489"
"417","chr24",1796389,1796389,1,"*","GGaluGA191120"
"418","chr24",2215440,2215440,1,"*","GGaluGA191427"
"419","chr24",2264034,2264034,1,"*","rs14293994"
"420","chr24",2836230,2836230,1,"*","GGaluGA191822"
"421","chr24",5812817,5812817,1,"*","GGaluGA193727"
"422","chr26",2131784,2131784,1,"*","rs16201161"
"423","chr26",2230912,2230912,1,"*","GGaluGA196159"
"424","chr26",4735262,4735262,1,"*","GGaluGA197972"
"425","chr27",4957334,4957334,1,"*","rs15240627"
"426","chr27",5793027,5793027,1,"*","GGaluGA199986"
"427","chr27",5854193,5854193,1,"*","rs14303776"
"428","chr28",451240,451240,1,"*","GGaluGA200752"
"429","chr28",521487,521487,1,"*","rs16209112"
"430","chr28",3754808,3754808,1,"*","rs15251233"
