"","seqnames","start","end","width","strand","marker"
"1","chr1",8883994,8883994,1,"*","GGaluGA004629"
"2","chr1",8912936,8912936,1,"*","rs13825301"
"3","chr1",8959004,8959004,1,"*","rs13825272"
"4","chr1",22507858,22507858,1,"*","GGaluGA008073"
"5","chr1",22867275,22867275,1,"*","rs13837921"
"6","chr1",33109344,33109344,1,"*","rs13847756"
"7","chr1",36168263,36168263,1,"*","rs13851434"
"8","chr1",53135388,53135388,1,"*","rs15269313"
"9","chr1",53885881,53885881,1,"*","rs15271259"
"10","chr1",56231310,56231310,1,"*","GGaluGA019406"
"11","chr1",88288637,88288637,1,"*","rs13899455"
"12","chr1",89793898,89793898,1,"*","GGaluGA031297"
"13","chr1",110534187,110534187,1,"*","GGaluGA037575"
"14","chr1",114118715,114118715,1,"*","rs13924664"
"15","chr1",114329382,114329382,1,"*","rs15391489"
"16","chr1",114899198,114899198,1,"*","rs13685179"
"17","chr1",115102530,115102530,1,"*","GGaluGA039228"
"18","chr1",126167075,126167075,1,"*","rs16700386"
"19","chr1",134143579,134143579,1,"*","rs13942473"
"20","chr1",134365873,134365873,1,"*","GGaluGA045585"
"21","chr1",138289666,138289666,1,"*","rs13946241"
"22","chr1",139032578,139032578,1,"*","rs13947262"
"23","chr1",139800740,139800740,1,"*","rs13948095"
"24","chr1",143407863,143407863,1,"*","rs15448487"
"25","chr1",153645775,153645775,1,"*","rs13960405"
"26","chr1",153846618,153846618,1,"*","rs15471722"
"27","chr1",154088899,154088899,1,"*","rs13960841"
"28","chr1",154915579,154915579,1,"*","rs13961494"
"29","chr1",168271271,168271271,1,"*","rs13552040"
"30","chr1",169935296,169935296,1,"*","rs15497910"
"31","chr1",170029167,170029167,1,"*","rs14916997"
"32","chr1",171185457,171185457,1,"*","rs13973511"
"33","chr1",171549616,171549616,1,"*","rs15502284"
"34","chr1",172867207,172867207,1,"*","GGaluGA055855"
"35","chr1",173815317,173815317,1,"*","rs13554510"
"36","chr1",174118054,174118054,1,"*","rs14920831"
"37","chr1",176557071,176557071,1,"*","GGaluGA057412"
"38","chr1",176839439,176839439,1,"*","rs10724909"
"39","chr1",177369732,177369732,1,"*","rs15516954"
"40","chr1",182553715,182553715,1,"*","GGaluGA059924"
"41","chr1",182715674,182715674,1,"*","rs13986891"
"42","chr1",182753191,182753191,1,"*","rs15531536"
"43","chr1",182857245,182857245,1,"*","rs13558364"
"44","chr1",188859040,188859040,1,"*","rs14935021"
"45","chr1",189119224,189119224,1,"*","rs14935211"
"46","chr1",189536264,189536264,1,"*","rs16016391"
"47","chr1",197269868,197269868,1,"*","GGaluGA064535"
"48","chr1",197121948,197121948,1,"*","rs13997945"
"49","chr1",196781584,196781584,1,"*","rs13997503"
"50","chr2",4281624,4281624,1,"*","rs14130583"
"51","chr2",7139845,7139845,1,"*","rs14134143"
"52","chr2",15668263,15668263,1,"*","rs15901398"
"53","chr2",15960892,15960892,1,"*","rs14143697"
"54","chr2",32294383,32294383,1,"*","rs14160866"
"55","chr2",32517648,32517648,1,"*","rs14161161"
"56","chr2",38611266,38611266,1,"*","rs15954696"
"57","chr2",48229012,48229012,1,"*","rs14178920"
"58","chr2",54493128,54493128,1,"*","rs13616570"
"59","chr2",54685904,54685904,1,"*","rs13616625"
"60","chr2",57859895,57859895,1,"*","rs16003384"
"61","chr2",58014454,58014454,1,"*","rs16003882"
"62","chr2",58808078,58808078,1,"*","rs15104581"
"63","chr2",59215266,59215266,1,"*","rs15105085"
"64","chr2",59488247,59488247,1,"*","rs15105267"
"65","chr2",60029533,60029533,1,"*","rs15105825"
"66","chr2",60044285,60044285,1,"*","rs14190959"
"67","chr2",60219616,60219616,1,"*","GGaluGA149283"
"68","chr2",60332627,60332627,1,"*","GGaluGA149337"
"69","chr2",60454850,60454850,1,"*","rs15106275"
"70","chr2",60756842,60756842,1,"*","GGaluGA149507"
"71","chr2",61563044,61563044,1,"*","rs15107321"
"72","chr2",61627146,61627146,1,"*","GGaluGA149890"
"73","chr2",61896718,61896718,1,"*","rs14193231"
"74","chr2",62142331,62142331,1,"*","rs15107772"
"75","chr2",63074871,63074871,1,"*","rs16018716"
"76","chr2",64173991,64173991,1,"*","rs14196021"
"77","chr2",107036264,107036264,1,"*","rs14231855"
"78","chr2",107723267,107723267,1,"*","rs14232197"
"79","chr2",110023464,110023464,1,"*","GGaluGA163475"
"80","chr2",110394113,110394113,1,"*","GGaluGA163572"
"81","chr2",110588801,110588801,1,"*","rs15142701"
"82","chr2",111724417,111724417,1,"*","rs15143460"
"83","chr2",113557881,113557881,1,"*","rs14237177"
"84","chr2",113768423,113768423,1,"*","rs15144660"
"85","chr2",114438768,114438768,1,"*","GGaluGA164669"
"86","chr2",123931871,123931871,1,"*","rs13731505"
"87","chr2",125221136,125221136,1,"*","GGaluGA167570"
"88","chr2",137648430,137648430,1,"*","GGaluGA171053"
"89","chr2",137951282,137951282,1,"*","rs13762060"
"90","chr2",138390893,138390893,1,"*","rs15166625"
"91","chr2",147602898,147602898,1,"*","rs13758837"
"92","chr2",148227337,148227337,1,"*","rs14255302"
"93","chr2",148291979,148291979,1,"*","rs15158686"
"94","chr3",1072203,1072203,1,"*","rs16213592"
"95","chr3",1599046,1599046,1,"*","rs15253640"
"96","chr3",2358772,2358772,1,"*","rs14308203"
"97","chr3",3498545,3498545,1,"*","rs14309765"
"98","chr3",3621455,3621455,1,"*","GGaluGA203812"
"99","chr3",3711335,3711335,1,"*","rs15258124"
"100","chr3",26009510,26009510,1,"*","rs14330022"
"101","chr3",31809866,31809866,1,"*","rs14336675"
"102","chr3",31857674,31857674,1,"*","rs14336735"
"103","chr3",32192270,32192270,1,"*","GGaluGA215531"
"104","chr3",33634918,33634918,1,"*","rs15321683"
"105","chr3",33688324,33688324,1,"*","rs14339147"
"106","chr3",33710133,33710133,1,"*","GGaluGA216062"
"107","chr3",33896805,33896805,1,"*","rs14339371"
"108","chr3",35754428,35754428,1,"*","rs14341292"
"109","chr3",39586091,39586091,1,"*","GGaluGA218114"
"110","chr3",39785155,39785155,1,"*","rs13675715"
"111","chr3",51158428,51158428,1,"*","rs16277130"
"112","chr3",65455907,65455907,1,"*","rs16292045"
"113","chr3",71962536,71962536,1,"*","rs14376924"
"114","chr3",72321237,72321237,1,"*","rs14377280"
"115","chr3",74350230,74350230,1,"*","GGaluGA228961"
"116","chr3",87041387,87041387,1,"*","rs14391656"
"117","chr4",1455723,1455723,1,"*","rs14417942"
"118","chr4",4043344,4043344,1,"*","rs14421644"
"119","chr4",4831352,4831352,1,"*","rs15480969"
"120","chr4",6657981,6657981,1,"*","rs15484517"
"121","chr4",8541820,8541820,1,"*","rs14425813"
"122","chr4",8894086,8894086,1,"*","rs13642985"
"123","chr4",8953819,8953819,1,"*","rs16358611"
"124","chr4",9023052,9023052,1,"*","GGaluGA244891"
"125","chr4",9268278,9268278,1,"*","rs13643096"
"126","chr4",10513243,10513243,1,"*","Marker7"
"127","chr4",11243268,11243268,1,"*","rs14428592"
"128","chr4",11666556,11666556,1,"*","GGaluGA246087"
"129","chr4",11834443,11834443,1,"*","rs14429288"
"130","chr4",12034060,12034060,1,"*","rs15496424"
"131","chr4",12447598,12447598,1,"*","rs15497374"
"132","chr4",12697080,12697080,1,"*","GGaluGA246569"
"133","chr4",13006289,13006289,1,"*","rs15499036"
"134","chr4",13319592,13319592,1,"*","rs15500313"
"135","chr4",13493649,13493649,1,"*","rs14431207"
"136","chr4",16398437,16398437,1,"*","rs16368918"
"137","chr4",16479055,16479055,1,"*","rs16369100"
"138","chr4",22547541,22547541,1,"*","rs14438414"
"139","chr4",25417363,25417363,1,"*","rs15519569"
"140","chr4",27108797,27108797,1,"*","rs14442238"
"141","chr4",27621306,27621306,1,"*","rs14442566"
"142","chr4",29772253,29772253,1,"*","rs14445127"
"143","chr4",35191748,35191748,1,"*","rs16390717"
"144","chr4",35347866,35347866,1,"*","rs14452299"
"145","chr4",36345969,36345969,1,"*","rs10724211"
"146","chr4",37601740,37601740,1,"*","rs15546807"
"147","chr4",38425911,38425911,1,"*","GGaluGA254956"
"148","chr4",44503609,44503609,1,"*","rs15560796"
"149","chr4",44575934,44575934,1,"*","rs14461403"
"150","chr4",46257248,46257248,1,"*","GGaluGA257597"
"151","chr4",46325145,46325145,1,"*","rs14464075"
"152","chr4",46385354,46385354,1,"*","rs14464166"
"153","chr4",64578039,64578039,1,"*","GGaluGA263285"
"154","chr4",68634483,68634483,1,"*","GGaluGA264829"
"155","chr4",75060821,75060821,1,"*","rs14707202"
"156","chr4",75374572,75374572,1,"*","rs14491212"
"157","chr4",75598486,75598486,1,"*","GGaluGA266219"
"158","chr4",77294675,77294675,1,"*","rs14493368"
"159","chr4",81386549,81386549,1,"*","GGaluGA268079"
"160","chr4",81436656,81436656,1,"*","rs16444662"
"161","chr4",81735196,81735196,1,"*","rs14498744"
"162","chr5",1104884,1104884,1,"*","rs14509739"
"163","chr5",15226128,15226128,1,"*","rs16471227"
"164","chr5",29463782,29463782,1,"*","rs14529550"
"165","chr5",29662907,29662907,1,"*","rs14529823"
"166","chr5",40308075,40308075,1,"*","rs16497630"
"167","chr5",40438740,40438740,1,"*","rs16497832"
"168","chr5",41872775,41872775,1,"*","rs14538643"
"169","chr5",42026302,42026302,1,"*","rs14538761"
"170","chr5",42230181,42230181,1,"*","rs14539010"
"171","chr5",42552420,42552420,1,"*","GGaluGA285599"
"172","chr5",56353272,56353272,1,"*","GGaluGA291307"
"173","chr5",56418928,56418928,1,"*","rs14554723"
"174","chr6",3515247,3515247,1,"*","rs14561934"
"175","chr6",4024621,4024621,1,"*","rs13562096"
"176","chr6",4134668,4134668,1,"*","rs15758084"
"177","chr6",4556748,4556748,1,"*","GGaluGA294777"
"178","chr6",5039931,5039931,1,"*","rs14564481"
"179","chr6",11194538,11194538,1,"*","GGaluGA297847"
"180","chr6",11467397,11467397,1,"*","rs16542328"
"181","chr6",12199342,12199342,1,"*","GGaluGA298346"
"182","chr6",16078352,16078352,1,"*","GGaluGA299172"
"183","chr6",30948855,30948855,1,"*","rs16564590"
"184","chr6",31298570,31298570,1,"*","rs13582156"
"185","chr7",5203561,5203561,1,"*","rs13740371"
"186","chr7",5365428,5365428,1,"*","rs16578406"
"187","chr7",5755203,5755203,1,"*","rs14603605"
"188","chr7",11524843,11524843,1,"*","rs14608276"
"189","chr7",15497325,15497325,1,"*","rs15852323"
"190","chr7",15595618,15595618,1,"*","rs14610961"
"191","chr7",18534663,18534663,1,"*","rs15856536"
"192","chr7",22434469,22434469,1,"*","rs14616506"
"193","chr7",23803465,23803465,1,"*","GGaluGA316675"
"194","chr7",23905371,23905371,1,"*","Marker15"
"195","chr7",25272306,25272306,1,"*","rs14619645"
"196","chr7",25487639,25487639,1,"*","rs15870230"
"197","chr7",25771481,25771481,1,"*","rs15870814"
"198","chr7",25977002,25977002,1,"*","GGaluGA317562"
"199","chr7",27514151,27514151,1,"*","rs16604163"
"200","chr7",27678970,27678970,1,"*","rs14622611"
"201","chr7",30264128,30264128,1,"*","rs13599343"
"202","chr7",31019827,31019827,1,"*","rs15882678"
"203","chr7",31083942,31083942,1,"*","rs13599796"
"204","chr7",35081779,35081779,1,"*","rs14631311"
"205","chr8",6809552,6809552,1,"*","GGaluGA324571"
"206","chr8",6914372,6914372,1,"*","rs13662679"
"207","chr8",23368806,23368806,1,"*","GGaluGA330803"
"208","chr8",23646209,23646209,1,"*","rs14653619"
"209","chr9",17950145,17950145,1,"*","rs15979763"
"210","chr9",18095342,18095342,1,"*","GGaluGA342235"
"211","chr9",18937734,18937734,1,"*","rs14679078"
"212","chr9",19034549,19034549,1,"*","rs14679184"
"213","chr10",1699302,1699302,1,"*","rs14000513"
"214","chr10",6308806,6308806,1,"*","rs15570463"
"215","chr10",8968169,8968169,1,"*","GGaluGA068581"
"216","chr10",13456301,13456301,1,"*","GGaluGA070600"
"217","chr10",13463531,13463531,1,"*","rs14950004"
"218","chr11",6253829,6253829,1,"*","rs14021051"
"219","chr11",8480151,8480151,1,"*","GGaluGA076835"
"220","chr11",8512427,8512427,1,"*","rs14023091"
"221","chr11",8738834,8738834,1,"*","rs14963115"
"222","chr11",14411766,14411766,1,"*","GGaluGA078617"
"223","chr12",909193,909193,1,"*","rs14030012"
"224","chr12",1085943,1085943,1,"*","rs14030273"
"225","chr12",1092083,1092083,1,"*","GGaluGA080760"
"226","chr12",1657132,1657132,1,"*","rs15630281"
"227","chr12",5174128,5174128,1,"*","rs15637974"
"228","chr12",6195552,6195552,1,"*","GGaluGA083170"
"229","chr12",17594515,17594515,1,"*","rs15668436"
"230","chr13",2679299,2679299,1,"*","rs13728542"
"231","chr13",5735195,5735195,1,"*","rs15684129"
"232","chr13",6723984,6723984,1,"*","rs13726878"
"233","chr13",10685384,10685384,1,"*","rs14059068"
"234","chr13",14330258,14330258,1,"*","rs14066803"
"235","chr13",16115017,16115017,1,"*","rs14064249"
"236","chr13",16627924,16627924,1,"*","GGaluGA097819"
"237","chr14",618464,618464,1,"*","rs14068810"
"238","chr14",1633479,1633479,1,"*","rs14069341"
"239","chr14",5512479,5512479,1,"*","GGaluGA101176"
"240","chr14",5752046,5752046,1,"*","GGaluGA101359"
"241","chr14",7436317,7436317,1,"*","rs15732170"
"242","chr15",2153048,2153048,1,"*","rs14087518"
"243","chr15",3316936,3316936,1,"*","rs15766580"
"244","chr15",3511284,3511284,1,"*","rs13629147"
"245","chr15",3752641,3752641,1,"*","rs15019205"
"246","chr15",4003356,4003356,1,"*","rs14089031"
"247","chr15",4209662,4209662,1,"*","rs15768030"
"248","chr15",11029748,11029748,1,"*","GGaluGA110996"
"249","chr17",9168375,9168375,1,"*","rs14097271"
"250","chr18",4348979,4348979,1,"*","GGaluGA120083"
"251","chr18",4632329,4632329,1,"*","rs14110461"
"252","chr19",4497213,4497213,1,"*","rs15844211"
"253","chr19",4763588,4763588,1,"*","GGaluGA126449"
"254","chr19",5232086,5232086,1,"*","rs15047874"
"255","chr20",8247515,8247515,1,"*","rs14276041"
"256","chr20",9112463,9112463,1,"*","rs14277030"
"257","chr20",9254344,9254344,1,"*","rs16170672"
"258","chr20",10807921,10807921,1,"*","rs14278589"
"259","chr20",10966166,10966166,1,"*","rs16172794"
"260","chr20",10988542,10988542,1,"*","rs14278769"
"261","chr20",11205677,11205677,1,"*","rs13634772"
"262","chr20",11618961,11618961,1,"*","rs15178599"
"263","chr20",12124081,12124081,1,"*","rs14280118"
"264","chr20",12594086,12594086,1,"*","rs16175399"
"265","chr20",12771862,12771862,1,"*","rs14280615"
"266","chr21",3408537,3408537,1,"*","rs15182893"
"267","chr22",2335607,2335607,1,"*","rs14690326"
"268","chr22",2493615,2493615,1,"*","GGaluGA186192"
"269","chr23",586762,586762,1,"*","rs14287724"
"270","chr23",1169505,1169505,1,"*","GGaluGA187500"
"271","chr23",4731816,4731816,1,"*","rs15205573"
"272","chr24",1553282,1553282,1,"*","rs13604387"
"273","chr24",1722880,1722880,1,"*","rs14293489"
"274","chr24",5812817,5812817,1,"*","GGaluGA193727"
"275","chr26",2131784,2131784,1,"*","rs16201161"
"276","chr26",2230912,2230912,1,"*","GGaluGA196159"
"277","chr26",4735262,4735262,1,"*","GGaluGA197972"
"278","chr27",5793027,5793027,1,"*","GGaluGA199986"
"279","chr27",5854193,5854193,1,"*","rs14303776"
