name_add,est_add,SE_add,markers,name_dom,est_dom,SE_dom,chromosome,pos_Mb
1@189.0a,14.695954904909815,3.9442171303551747,1-56,1@189.0d,7.161566791542981,5.6205719946710575,1,56
1@668.5a,26.25967427294269,3.976045521378986,1-171,1@668.5d,-2.1679068133296826,5.701573461714802,1,171
2@370.8a,9.793309820129775,3.947614542880188,2-99,2@370.8d,9.223080949484082,5.689235489913438,2,99
2@440.1a,8.858127319823419,4.093882092641296,2-113,2@440.1d,-2.750473655776738,5.595717239882802,2,113
3@94.5a,8.407165509924257,4.1285714626335395,3-35,3@94.5d,-14.197071697289411,5.9013055559484915,3,35
3@193.3a,13.187146121432757,4.065808736513554,3-74,3@193.3d,-8.380343832095202,5.697281993262154,3,74
4@77.4a,13.516158702802489,4.4191396391149596,4-11,4@77.4d,1.9781881454855061,6.091024223792667,4,11
4@142.4a,5.049985501654314,4.2619646070367025,4-23,4@142.4d,-6.7199031632912245,5.709441153877991,4,23
4@211.6a,17.083620665252216,4.30720383697504,4-36,4@211.6d,-1.8687556999429653,5.724997727018843,4,36
4@333.9a,8.431126208784878,3.810823985952012,4-70,4@333.9d,-8.70595900093992,5.759150663454505,4,70
5@3.2a,2.0538252769634386,4.53161187481146,5-1,5@3.2d,-15.393318528465224,7.693708879671416,Z,1
5@29.2a,0.64729649160784,4.789457604341434,5-10,5@29.2d,6.769791484053266,7.559064056969564,Z,10
5@111.0a,4.205639083595689,3.4662548314414297,5-34,5@111.0d,1.6093006697432481,7.315165599910699,Z,34
6@170.0a,13.9118678563738,4.1791750281376885,6-30,6@170.0d,-3.6829739883001875,5.946723597072357,5,30
7@11.0a,-9.232915564688069,4.349045654388365,7-4,7@11.0d,16.932167591110822,5.961564925471099,7,4
7@65.7a,25.886495328747785,3.9771183884921473,7-21,7@65.7d,9.362374863009638,5.70711660846614,7,21
9@10.0a,-6.930185117471008,4.142697546290175,9-4,9@10.0d,15.129393218627332,5.861967095132545,8,4
11@69.1a,11.03086203516233,4.586685719953785,11-9,11@69.1d,-12.007707541696481,6.067063524932046,10,9
11@126.2a,-0.7002246025238399,4.887267322824718,11-21,11@126.2d,11.498632096501034,6.120170447033574,10,21
13@13.8a,8.653924945951555,3.893434753665499,13-7,13@13.8d,14.468685888104964,5.5771208765879905,11,7
14@71.3a,12.327421941418809,3.829777971617877,14-12,14@71.3d,5.340196055764679,5.802065347980992,13,12
15@45.7a,8.866352634357664,4.786596625373002,15-6,15@45.7d,-8.867246690285297,6.084229398742641,14,6
15@86.4a,1.5177493427534101,4.992944733471192,15-16,15@86.4d,-2.2002716379100744,6.039705413546411,14,16
16@32.7a,17.758811701802273,4.17488355968504,16-11,16@32.7d,7.539394826561591,6.008234644893654,20,11
27@48.2a,4.025755030955499,4.209751740862811,27-6,27@48.2d,21.49381974509082,5.972472407788248,23,6
