chr-cM,information_content_Wahlberg2009
1-0,0.9498794920350251
1-1,0.8898339363768962
1-2,0.8347874829418206
1-3,0.7844151268046928
1-4,0.7384202518471296
1-5,0.696532723029633
1-6,0.6585067273810246
1-7,0.6241200810492471
1-8,0.593172070018118
1-9,0.5654825806482293
1-10,0.5408909858714496
1-11,0.5192548756618814
1-12,0.5004496376263218
1-13,0.48436715101358196
1-14,0.47091551321807584
1-15,0.4600180817939554
1-16,0.45161355328710784
1-17,0.445655062135926
1-18,0.44211009204426155
1-19,0.44096035114596743
1-20,0.4422015133263488
1-21,0.44584338750852315
1-22,0.4519098060630957
1-23,0.4604386852261648
1-24,0.4714826699766378
1-25,0.4851091054228157
1-26,0.5014006360837168
1-27,0.5204554033173372
1-28,0.5423883220413186
1-29,0.5673310806158015
1-30,0.5954335144949414
1-31,0.62686433163526
1-32,0.6618118993527453
1-33,0.7004861731091274
1-34,0.7431191208434208
1-35,0.7899667463224102
1-36,0.8413107020785591
1-37,0.8117928412032291
1-38,0.7950687369162561
1-39,0.791101621235401
1-40,0.7999711847198216
1-41,0.8218735929456693
1-42,0.8334180231730641
1-43,0.8007221333419265
1-44,0.7775185159492257
1-45,0.7636133830625029
1-46,0.7589498019415428
1-47,0.7636070050941632
1-48,0.7580687272460381
1-49,0.7407702035694541
1-50,0.7307529037268435
1-51,0.7279345430326961
1-52,0.7323018944735222
1-53,0.7439106984785647
1-54,0.762886007966267
1-55,0.7894231084289325
1-56,0.8237888561968969
1-57,0.8663235654717163
1-58,0.8459101866315786
1-59,0.8316711782863655
1-60,0.8315797571922041
1-61,0.8455979738353469
1-62,0.8739221392576886
1-63,0.9169840822173694
1-64,0.9096129974705929
1-65,0.8738106866589708
1-66,0.8530450125689502
1-67,0.8470518208681028
1-68,0.8557125845201698
1-69,0.8519402653303978
1-70,0.8189953901028142
1-71,0.7957745624837276
1-72,0.7819158379928699
1-73,0.7771917226599683
1-74,0.7815072523971398
1-75,0.7948993992238598
1-76,0.8175369846129532
1-77,0.8497224531015057
1-78,0.8918936553504697
1-79,0.8565171936822282
1-80,0.8203609883920866
1-81,0.7927009312286207
1-82,0.7731992368303275
1-83,0.7616142037370492
1-84,0.7577988565835493
1-85,0.7616993784895464
1-86,0.7733553793596644
1-87,0.7928994558585118
1-88,0.8205588690258436
1-89,0.8566564148134366
1-90,0.8954885466062742
1-91,0.8986328652609641
1-92,0.9297556127997144
1-93,0.9072440874840543
1-94,0.8630859846240908
1-95,0.829272492190811
1-96,0.8053954872849611
1-97,0.7911742902446682
1-98,0.7864541535481442
1-99,0.7912047938055533
1-100,0.8055204955359747
1-101,0.8296206013844318
1-102,0.7964421767070538
1-103,0.7621708373772023
1-104,0.7337790323151538
1-105,0.7109927770497416
1-106,0.6935880957480789
1-107,0.6813892812550628
1-108,0.6742678561496745
1-109,0.67214147680603
1-110,0.674973491769169
1-111,0.6827725898751785
1-112,0.6955928590524885
1-113,0.7135341852159207
1-114,0.7367428544594659
1-115,0.7654125887256583
1-116,0.7624071249621156
1-117,0.741249647516577
1-118,0.7268745948955424
1-119,0.7190928503421634
1-120,0.7177853439945148
1-121,0.7229026430555449
1-122,0.7344643831220462
1-123,0.7525593828614465
1-124,0.7773460911560823
1-125,0.8090540163262093
1-126,0.8479849829527824
1-127,0.8945153892078916
1-128,0.8609025593512813
1-129,0.8279670884715458
1-130,0.8052147278746771
1-131,0.7923530476076941
1-132,0.7892250550979172
1-133,0.7958082432331595
1-134,0.8122142784645675
1-135,0.8386899732193294
1-136,0.8091329816561894
1-137,0.7786516689771401
1-138,0.754130994062148
1-139,0.7353331127461848
1-140,0.7220760710953043
1-141,0.7142325469383257
1-142,0.711728976297531
1-143,0.7145451120864887
1-144,0.7227136736192064
1-145,0.7363208178308669
1-146,0.7555066020089944
1-147,0.7804660729791479
1-148,0.8114504811034763
1-149,0.8487691259957554
1-150,0.8374063543092349
1-151,0.811265998417747
1-152,0.7942704894022633
1-153,0.7862852806051985
1-154,0.7872485408418289
1-155,0.7971702109179064
1-156,0.8161324715915015
1-157,0.8442898806514532
1-158,0.8818707323973851
1-159,0.9291785294000111
1-160,0.9514439655879786
1-161,0.9059671364146483
1-162,0.876211474365745
1-163,0.8615531138903794
1-164,0.8616541218501934
1-165,0.8764593673196832
1-166,0.9061965422412448
1-167,0.9513779873589618
1-168,0.9577155014514567
1-169,0.9446161711105657
1-170,0.9734381091516617
1-171,0.9331165255402627
1-172,0.9011060774034572
1-173,0.8877405719456153
1-174,0.8926372253803094
1-175,0.9159654940883774
1-176,0.9584474830087766
1-177,0.9334010207766581
1-178,0.882967737131513
1-179,0.8428457627998058
1-180,0.8126345645707913
1-181,0.7920316386479567
1-182,0.7808301946828928
1-183,0.7789186507499819
1-184,0.7862787166663822
1-185,0.802986175726076
1-186,0.8292107261195314
1-187,0.8652179057092866
1-188,0.9014994254254247
1-189,0.8594292809976228
1-190,0.8275195080561961
1-191,0.8053151296031503
1-192,0.7924967596110695
1-193,0.7888785233860851
1-194,0.7944064223942733
1-195,0.8091581387023431
1-196,0.8333435707399697
1-197,0.7949805607895082
1-198,0.7632653310654622
1-199,0.7378696046693913
1-200,0.7185294601679945
1-201,0.7050447051920582
1-202,0.6972773360776101
1-203,0.6951507713193044
1-204,0.6986490405775885
1-205,0.7078170989025115
1-206,0.7227605460106767
1-207,0.7436469382998643
1-208,0.7707067179326392
1-209,0.804234867865105
1-210,0.8445930403156808
1-211,0.8538256536460491
1-212,0.8347958990213604
1-213,0.826598877695027
1-214,0.8291534794750222
1-215,0.8425178549754702
1-216,0.8668901824783408
1-217,0.9026098962469331
1-218,0.95016012587261
1-219,0.957849221475666
1-220,0.9422959525510373
1-221,0.9422544493051336
1-222,0.9241428253072032
1-223,0.9212164989542728
1-224,0.8978072439820879
1-225,0.859479851494559
1-226,0.8350050245689281
1-227,0.8237945913047383
1-228,0.8255546631107653
1-229,0.84028351700805
1-230,0.8682711654266455
1-231,0.8839124970229655
1-232,0.8705389143690742
1-233,0.8768834269241175
1-234,0.9029606064027169
1-235,0.9488960030242019
1-236,0.9035406002252809
1-237,0.8547929462482434
1-238,0.8139864586173848
1-239,0.7807215733202737
1-240,0.7546692150454501
1-241,0.7355685313598768
1-242,0.7232251093741575
1-243,0.7175095613759118
1-244,0.7183565268716957
1-245,0.7257645690803067
1-246,0.7397956045380307
1-247,0.7605758729666936
1-248,0.7882963568185121
1-249,0.8232144438976949
1-250,0.8656554482069334
1-251,0.8848421988061467
1-252,0.8725375897320982
1-253,0.8785861816092768
1-254,0.9031131179430613
1-255,0.9463468382179652
1-256,0.9199373268798834
1-257,0.8686623664760361
1-258,0.828859729989219
1-259,0.8000013338399796
1-260,0.7817080455332852
1-261,0.773747199270374
1-262,0.7760308580737738
1-263,0.7886149156248676
1-264,0.8116999043135041
1-265,0.8456323395034164
1-266,0.8909070935338672
1-267,0.9196962643857469
1-268,0.9323728174065036
1-269,0.8931168543440259
1-270,0.862279614781112
1-271,0.8507575168565815
1-272,0.8584698292970786
1-273,0.8854384062082605
1-274,0.9209935701155265
1-275,0.8746810974089968
1-276,0.8398428051739152
1-277,0.816070798778413
1-278,0.8030610393539254
1-279,0.8006115383488216
1-280,0.8086207047982175
1-281,0.8107712423395275
1-282,0.8069723280706631
1-283,0.8206910216519145
1-284,0.8117066767244832
1-285,0.8156990954388346
1-286,0.8326109778182225
1-287,0.8560901508781082
1-288,0.8355739684408034
1-289,0.8288022855832169
1-290,0.8357326724889249
1-291,0.8564110867805254
1-292,0.8520652519964982
1-293,0.8207251250836443
1-294,0.8003691943843685
1-295,0.790802491590168
1-296,0.7919351564588966
1-297,0.8037820837248124
1-298,0.8264628699615393
1-299,0.860202510676666
1-300,0.905333358699977
1-301,0.962296954308588
1-302,0.9295487445672861
1-303,0.8957369749375548
1-304,0.864986418899573
1-305,0.8475226126621913
1-306,0.8431453608400399
1-307,0.8518017253403055
1-308,0.8735858470548423
1-309,0.9087394356897303
1-310,0.9576536244344231
1-311,0.9440121667752756
1-312,0.8905112340017701
1-313,0.8470962732340694
1-314,0.8133025919882213
1-315,0.788770909246832
1-316,0.7732448347271836
1-317,0.766569017043027
1-318,0.7686878200716143
1-319,0.7796455081520198
1-320,0.7995860379674085
1-321,0.8287542809224404
1-322,0.8674979037621838
1-323,0.9162697785596281
1-324,0.9275699550391692
1-325,0.8788177909832293
1-326,0.8421966273894204
1-327,0.8173204099311161
1-328,0.8039164554988681
1-329,0.8018247802407853
1-330,0.8109958578915903
1-331,0.8314906438169887
1-332,0.8634811863887217
1-333,0.9072514629516382
1-334,0.9410028421054518
1-335,0.9053078562270034
1-336,0.8925111715062708
1-337,0.9021628699035783
1-338,0.897710834240713
1-339,0.8509661302776956
1-340,0.813122794637954
1-341,0.7838261896282073
1-342,0.7627995755442156
1-343,0.7498417199523559
1-344,0.7448260042717743
1-345,0.7476988650103547
1-346,0.7584800697298608
1-347,0.7772625401319988
1-348,0.804212929600858
1-349,0.8395730323862578
1-350,0.883661121029673
1-351,0.9368744435118543
1-352,0.9523484817317187
1-353,0.9606132935692477
1-354,0.9571532753731001
1-355,0.928800412672249
1-356,0.8924410274910523
1-357,0.8718839714854127
1-358,0.8669427149701681
1-359,0.8775303991443486
1-360,0.9036583017864908
1-361,0.8898418463261144
1-362,0.8505181890052732
1-363,0.8212138953967145
1-364,0.8014879721098497
1-365,0.7910374406379781
1-366,0.7896949396854731
1-367,0.7974276718010382
1-368,0.8143370894116544
1-369,0.8406591860868635
1-370,0.8767672693515448
1-371,0.9231735839272603
1-372,0.9805336504418581
1-373,0.9214857529594604
1-374,0.8714886408865175
1-375,0.8300663204788057
1-376,0.7968197746948019
1-377,0.7714249729399758
1-378,0.7536304410715673
1-379,0.7432555235782506
1-380,0.740188913549226
1-381,0.7443883470253222
1-382,0.7558794929762772
1-383,0.7747571350791014
1-384,0.8011848904102739
1-385,0.8353968987903595
1-386,0.8776991772061769
1-387,0.9284718830100019
1-388,0.9242929201036081
1-389,0.9009156664549061
1-390,0.9041755669316762
1-391,0.9339634681408169
1-392,0.8865640563896311
1-393,0.8506498242346934
1-394,0.8259130263144758
1-395,0.8121473341751575
1-396,0.8092458032515476
1-397,0.8172006447749828
1-398,0.8361029269846185
1-399,0.8661432071474091
1-400,0.9076131258205056
1-401,0.9609073373899522
1-402,0.9220988414889348
1-403,0.8896736530779585
1-404,0.8751423678966417
1-405,0.8783224028233036
1-406,0.8992464258072081
1-407,0.9381623415934202
1-408,0.9559625610465268
1-409,0.9268223742043928
1-410,0.9327731494954661
1-411,0.9289575169700911
1-412,0.8739898926258075
1-413,0.8262097540344016
1-414,0.7851996680555968
1-415,0.7505990367896039
1-416,0.7221018026050776
1-417,0.6994542912831727
1-418,0.6824534927107915
1-419,0.6709456571980874
1-420,0.6648251409775148
1-421,0.6640339458696081
1-422,0.6685610601224774
1-423,0.6784424119585499
1-424,0.6937611965968469
1-425,0.7146485194251854
1-426,0.741284000645502
1-427,0.7353232045528172
1-428,0.7209611946271226
1-429,0.7150295694095465
1-430,0.7175295438912481
1-431,0.7285377120098895
1-432,0.7482069550618098
1-433,0.7767674504316238
1-434,0.8145282570681782
1-435,0.8359617187042591
1-436,0.8132482349114685
1-437,0.7803480617796944
1-438,0.7557565701110529
1-439,0.7391748484117333
1-440,0.7304031066133074
1-441,0.7293396747873223
1-442,0.7359799646260687
1-443,0.7504163700241926
1-444,0.7728393477502582
1-445,0.8035385546838999
1-446,0.8429046795313718
1-447,0.8914326531324956
1-448,0.9497251432527998
1-449,0.896643206892993
1-450,0.8585680190905748
1-451,0.8348508792719638
1-452,0.8250797803486803
1-453,0.8290805230157661
1-454,0.8469148370980893
1-455,0.8788813263877322
1-456,0.8623584666735853
1-457,0.8133670119197467
1-458,0.7722446889801207
1-459,0.7385590217170296
1-460,0.7119526904639107
1-461,0.6921413336561988
1-462,0.6789112980521189
1-463,0.672118249475489
1-464,0.6716862284751188
1-465,0.677606932454101
1-466,0.6899397916281979
1-467,0.7009182925347772
1-468,0.6873038033105751
1-469,0.6806526916556801
1-470,0.6807214287467014
1-471,0.6873892133792132
1-472,0.70065701494999
1-473,0.7206476601947286
1-474,0.725969705896147
1-475,0.7358505239478729
1-476,0.7528257193454526
1-477,0.7770904111623023
1-478,0.8088949919061341
1-479,0.8485469803321953
1-480,0.8964131232597982
1-481,0.9529219823647197
1-482,0.9266227432319497
1-483,0.9356663144909048
1-484,0.9324221527462238
1-485,0.8936156795144607
1-486,0.8709014879098678
1-487,0.8640066565885358
1-488,0.8728200382950282
1-489,0.8973913687718984
1-490,0.9379316945446592
1-491,0.9421861533022426
1-492,0.9283763341041649
1-493,0.9551051453515832
1-494,0.9300433376348916
1-495,0.9074406988308776
1-496,0.8716251656225242
1-497,0.8496137039246854
2-0,0.934366845032532
2-1,0.8764269451018799
2-2,0.8274944536155564
2-3,0.7872291521122539
2-4,0.7553512750994338
2-5,0.7316397860960986
2-6,0.715931207126512
2-7,0.7081182993572065
2-8,0.7081493973262892
2-9,0.7160278136440286
2-10,0.7318126772716418
2-11,0.7556181530209641
2-12,0.7876152159374408
2-13,0.8280324397039868
2-14,0.8771573114531644
2-15,0.910725000145273
2-16,0.855925570172142
2-17,0.8114413891938146
2-18,0.7769263494634701
2-19,0.7521078517162276
2-20,0.7367847127726033
2-21,0.7308264171695216
2-22,0.734171725570445
2-23,0.746828353329269
2-24,0.7688731578661283
2-25,0.800452400126554
2-26,0.8161451255236489
2-27,0.7869169492173838
2-28,0.7750746099067527
2-29,0.7805348877998766
2-30,0.8034412401202038
2-31,0.7726128159049839
2-32,0.7550562109664535
2-33,0.7505659897019927
2-34,0.7591168564172468
2-35,0.780863715128238
2-36,0.7899692180127984
2-37,0.8090302809821122
2-38,0.8456754227093926
2-39,0.9011359403575445
2-40,0.9073296361889338
2-41,0.8481805575957949
2-42,0.7987293619249132
2-43,0.758416193526616
2-44,0.7267762969599303
2-45,0.7034367427626227
2-46,0.6881136644291914
2-47,0.6806103352082755
2-48,0.6746127271246996
2-49,0.6518951481929831
2-50,0.6345939261975473
2-51,0.6225590135099185
2-52,0.6156824536763899
2-53,0.6138976635429512
2-54,0.6171789153119249
2-55,0.625541261581039
2-56,0.6390405752225481
2-57,0.6577738166251197
2-58,0.6818797855340106
2-59,0.7115400243571082
2-60,0.7469799831065261
2-61,0.7394142881174605
2-62,0.7179578813049093
2-63,0.7034701814417834
2-64,0.6957246443387977
2-65,0.6946482565349743
2-66,0.7003209889570479
2-67,0.7129765355954196
2-68,0.6951544234558668
2-69,0.6742816006375127
2-70,0.6595312633847353
2-71,0.6507817221405074
2-72,0.6479639380632263
2-73,0.6510615451670443
2-74,0.6601100788153424
2-75,0.6751978747428442
2-76,0.6964663727465457
2-77,0.7241109587943084
2-78,0.7583826386571033
2-79,0.7995895880822251
2-80,0.8480992676270989
2-81,0.9043409403557268
2-82,0.9093819016722395
2-83,0.8658461394442565
2-84,0.8336088536985395
2-85,0.812346228518659
2-86,0.8018239826807225
2-87,0.801896158359872
2-88,0.8125036969761126
2-89,0.8336741009262134
2-90,0.8655218220041414
2-91,0.8421128013016114
2-92,0.8314559285820837
2-93,0.8335084463082327
2-94,0.8483400341512484
2-95,0.8761336836306792
2-96,0.8476191953815997
2-97,0.8110638191575906
2-98,0.7831274130739221
2-99,0.7635714285314469
2-100,0.7522219467291076
2-101,0.7489686071109262
2-102,0.7537635791124389
2-103,0.7666214538690526
2-104,0.7552097403854043
2-105,0.747128798270607
2-106,0.7458951305931476
2-107,0.7515538374124502
2-108,0.7642163621858713
2-109,0.7840615351983216
2-110,0.8113367738470219
2-111,0.8222639104322054
2-112,0.7837028019428882
2-113,0.7509808230880073
2-114,0.7238256318999952
2-115,0.7020107636502644
2-116,0.6853539783516294
2-117,0.6737162345342425
2-118,0.6670003655861196
2-119,0.6651508574922145
2-120,0.6681531379191108
2-121,0.6760337137158547
2-122,0.6888601447589071
2-123,0.7067416751850776
2-124,0.7298299490984219
2-125,0.7583198889281008
2-126,0.7924511472895865
2-127,0.8325098748076236
2-128,0.8432168050345608
2-129,0.8314029050157561
2-130,0.8346304413210239
2-131,0.8528447003516705
2-132,0.8862945492470056
2-133,0.905822387216716
2-134,0.9325696085150078
2-135,0.8953287053094448
2-136,0.8610127734919091
2-137,0.8387541206286495
2-138,0.8282676932759963
2-139,0.8294254276579718
2-140,0.8422542616456057
2-141,0.8669376637139963
2-142,0.9038157840808203
2-143,0.9533887905971465
2-144,0.9492267643465738
2-145,0.9292934664236876
2-146,0.941322257183059
2-147,0.941035468651035
2-148,0.8933003110069074
2-149,0.8599243983332093
2-150,0.8405350457893549
2-151,0.8349151804353581
2-152,0.8430017748281442
2-153,0.8648854267361303
2-154,0.9008105590098782
2-155,0.9511779734847788
2-156,0.91643001505972
2-157,0.8701474947259289
2-158,0.8366738351733845
2-159,0.8155822923202065
2-160,0.8065455004765988
2-161,0.7800441895962694
2-162,0.7412213506039408
2-163,0.7081711056423825
2-164,0.6805957597793802
2-165,0.6582447792310262
2-166,0.6409130961198456
2-167,0.628439718840884
2-168,0.6207065953072548
2-169,0.6176378128529246
2-170,0.6191990574954479
2-171,0.6253974651448524
2-172,0.636281412411466
2-173,0.6519411410744853
2-174,0.6725091683102673
2-175,0.6981612840012079
2-176,0.7291176711258349
2-177,0.7656445161680189
2-178,0.7670088898129688
2-179,0.7729401718133181
2-180,0.7883616575087006
2-181,0.8135664745168403
2-182,0.8489397319975319
2-183,0.8949612268631119
2-184,0.8768473205534534
2-185,0.8592500191267347
2-186,0.8619151108908064
2-187,0.8492269177049481
2-188,0.8431966028345657
2-189,0.8519599285753361
2-190,0.8756471382924358
2-191,0.9148256529012254
2-192,0.9346503583184351
2-193,0.8852290700922153
2-194,0.8481544225339044
2-195,0.8228538540843675
2-196,0.8089152876655792
2-197,0.8060839158729165
2-198,0.8142604961196485
2-199,0.8335004909831978
2-200,0.8570800517109667
2-201,0.8451446041808921
2-202,0.8468494294865365
2-203,0.809526254595709
2-204,0.7824087202988329
2-205,0.7653361784418469
2-206,0.7582340752586694
2-207,0.7611136625041204
2-208,0.7627647063730989
2-209,0.7463891368828581
2-210,0.737230900913862
2-211,0.7351644689618901
2-212,0.7401716502114051
2-213,0.7523417034022983
2-214,0.7718716820471427
2-215,0.799068277294009
2-216,0.8343497444587575
2-217,0.8474165521422667
2-218,0.8527163844783451
2-219,0.8723697670176895
2-220,0.9072804847116733
2-221,0.8842916811861312
2-222,0.8717427919930314
2-223,0.8779144444210283
2-224,0.9029675444731529
2-225,0.9091316031710097
2-226,0.9109794089161082
2-227,0.9344790972956174
2-228,0.97991931926283
2-229,0.9695769900332564
2-230,0.9755907093648166
2-231,0.9694645625014621
2-232,0.9490049178967228
2-233,0.8975319191996192
2-234,0.855806819777333
2-235,0.823212045182167
2-236,0.7992662144036069
2-237,0.783620179725639
2-238,0.7760548314560587
2-239,0.7764792830117924
2-240,0.7849304443781393
2-241,0.8015731065257723
2-242,0.8267012629438859
2-243,0.8477960871378276
2-244,0.827489736303751
2-245,0.818100246219889
2-246,0.819463849944487
2-247,0.831588799303308
2-248,0.8546552850286777
2-249,0.8890167261595505
2-250,0.9352023073524562
2-251,0.9939191443593146
2-252,0.9557508379389952
2-253,0.9664019657372386
2-254,0.9746549183892719
2-255,0.9381160274048317
2-256,0.9363610272088703
2-257,0.9696592450821392
2-258,0.9369185898594299
2-259,0.8981633295609628
2-260,0.8810164431014247
2-261,0.8850990470132272
2-262,0.9105956154894456
2-263,0.9582558480185708
2-264,0.9222681899669929
2-265,0.9332057197671074
2-266,0.927667741696084
2-267,0.8821318553982139
2-268,0.8518419690401989
2-269,0.8364941412201372
2-270,0.8359035034953972
2-271,0.8500034210737328
2-272,0.8788439739947955
2-273,0.9225929833306896
2-274,0.9048407743360538
2-275,0.8781414407114752
2-276,0.8760132070117608
2-277,0.8467844325268352
2-278,0.8148915630257638
2-279,0.7912080508111805
2-280,0.775441170376775
2-281,0.7674056040898916
2-282,0.7670220283720492
2-283,0.774316548817036
2-284,0.7894207453605331
2-285,0.8125730010339572
2-286,0.8441199649284674
2-287,0.8393720699269827
2-288,0.8141883114526087
2-289,0.7984064417133969
2-290,0.791722590890606
2-291,0.7940060068603416
2-292,0.8052987246027743
2-293,0.8258154386957541
2-294,0.8559451700765988
2-295,0.8962546575228871
2-296,0.9474918302138293
2-297,0.9177094621543578
2-298,0.88007460192934
2-299,0.8575977618773278
2-300,0.8498477119506205
2-301,0.8565562060499188
2-302,0.8776163662744604
2-303,0.8561128698767103
2-304,0.8348859224608207
2-305,0.8280783385979814
2-306,0.8357860993763289
2-307,0.8583243781317169
2-308,0.8620612075098298
2-309,0.8677832634578068
2-310,0.8906386198685234
2-311,0.9312896553997803
2-312,0.9195672081737423
2-313,0.8773106140271507
2-314,0.8503646772882358
2-315,0.8379629918041926
2-316,0.8397424146775804
2-317,0.8557393780363447
2-318,0.8863902098302194
2-319,0.9325352177447004
2-320,0.9471990503906244
2-321,0.9167293994821496
2-322,0.9174801457435932
2-323,0.9494524885506019
2-324,0.9207297404684991
2-325,0.8915786690923118
2-326,0.8834924747580813
2-327,0.8962435556885189
2-328,0.8901261382362289
2-329,0.8816919044632138
2-330,0.8982718606671503
2-331,0.9258609325661247
2-332,0.9360387217530739
3-0,0.973964821974806
3-1,0.9152170016372076
3-2,0.8655114128231834
3-3,0.824329164850597
3-4,0.7912398795326279
3-5,0.765898161389961
3-6,0.7480408973338195
3-7,0.7374861688098935
3-8,0.7341314307805791
3-9,0.7379527627885513
3-10,0.7490053887297368
3-11,0.767422950584087
3-12,0.7934195562643027
3-13,0.8272905878709886
3-14,0.8694152148080838
3-15,0.9099801666394474
3-16,0.8678154256340642
3-17,0.8355812407442367
3-18,0.8127789093063996
3-19,0.7990776778867099
3-20,0.7943127177146916
3-21,0.79848356444248
3-22,0.8117543907857003
3-23,0.8344552478918825
3-24,0.7919778196738932
3-25,0.754723730829923
3-26,0.7224133786517832
3-27,0.6948039686038863
3-28,0.6716880874514306
3-29,0.6528919780151583
3-30,0.638274800949242
3-31,0.6277272954057543
3-32,0.6211714071369385
3-33,0.6185594592913742
3-34,0.6198741317416621
3-35,0.6251281167989016
3-36,0.6343643349976522
3-37,0.6476561732058264
3-38,0.645792759086074
3-39,0.639679123605386
3-40,0.6375277908803424
3-41,0.6393271659795001
3-42,0.6450927473721597
3-43,0.6548668471900422
3-44,0.6687191295978856
3-45,0.6867469607350063
3-46,0.7090761038077734
3-47,0.7358614247158244
3-48,0.7672881109647002
3-49,0.8035726371916694
3-50,0.8449643174317933
3-51,0.8481280052788159
3-52,0.8157100761037687
3-53,0.7917912077434945
3-54,0.7760268459604578
3-55,0.7681831990611572
3-56,0.768135290088629
3-57,0.7758663318464732
3-58,0.7914672860645119
3-59,0.8151379291525019
3-60,0.8471877918945097
3-61,0.8608668229844656
3-62,0.8185667046803418
3-63,0.7825225668705207
3-64,0.7524247453704498
3-65,0.7280151437959146
3-66,0.7090856803459633
3-67,0.6954764761974648
3-68,0.6870752464660976
3-69,0.6838161936020135
3-70,0.6856796907371874
3-71,0.6926921671692722
3-72,0.7049262277152996
3-73,0.7225012994096172
3-74,0.7455843838335043
3-75,0.7743911201518449
3-76,0.8091873606615001
3-77,0.8502911443656408
3-78,0.8684891909114465
3-79,0.8497972966755549
3-80,0.8200613311523146
3-81,0.8014037642771268
3-82,0.7934726288091704
3-83,0.7961179536583249
3-84,0.8093908249915326
3-85,0.833543499845778
3-86,0.8690317486319097
3-87,0.8205669090981509
3-88,0.7785847135849482
3-89,0.7427246083322667
3-90,0.7126789518134661
3-91,0.6881909027045907
3-92,0.6690526842960421
3-93,0.6551041085365963
3-94,0.6462316075590994
3-95,0.6423675352760443
3-96,0.6434894659291697
3-97,0.6496201787734233
3-98,0.6608278412879812
3-99,0.6772265736060494
3-100,0.6989772060314965
3-101,0.7262880617729608
3-102,0.7594170772299706
3-103,0.7986728507919114
3-104,0.8444173279735581
3-105,0.8970680927285326
3-106,0.8739254165894396
3-107,0.8657947673249801
3-108,0.8828805251330911
3-109,0.9254027612622084
3-110,0.8992399212139534
3-111,0.8851373925436015
3-112,0.892761030790916
3-113,0.9149426035362049
3-114,0.871333130514393
3-115,0.8260891735709213
3-116,0.7878571462290502
3-117,0.7562955938709099
3-118,0.7311196685487509
3-119,0.7120988629856576
3-120,0.6990556680421512
3-121,0.6918642665145898
3-122,0.69044969206821
3-123,0.6947871608023073
3-124,0.7049021543495847
3-125,0.7208702600875943
3-126,0.7428179453215664
3-127,0.7709232982111295
3-128,0.739510156624225
3-129,0.7132346341309679
3-130,0.6919236143055925
3-131,0.6754440985652888
3-132,0.6637020856995737
3-133,0.6566421991147681
3-134,0.6542473859679836
3-135,0.6565387207960565
3-136,0.6635756402882719
3-137,0.6754564436125643
3-138,0.6923190095252396
3-139,0.714341665697166
3-140,0.7417446029360586
3-141,0.7151504461630935
3-142,0.6937288231891716
3-143,0.6772526207952126
3-144,0.6655468855993153
3-145,0.6584876235752997
3-146,0.6560009018911952
3-147,0.6580624074646598
3-148,0.6646971324307602
3-149,0.675979749057035
3-150,0.6920349277925939
3-151,0.7130383687457514
3-152,0.7392179868885694
3-153,0.7708555089036988
3-154,0.8082885997381154
3-155,0.7972653427701084
3-156,0.7799679073251281
3-157,0.7700199741635922
3-158,0.767317129998998
3-159,0.7718155717563315
3-160,0.7835316140929225
3-161,0.8025420314750228
3-162,0.8289842353937642
3-163,0.863057486971381
3-164,0.8796226254287403
3-165,0.8457089143683607
3-166,0.8207301434725955
3-167,0.804435767524591
3-168,0.7966572257112964
3-169,0.7973067870694257
3-170,0.8063769862608885
3-171,0.8239407463799113
3-172,0.8501513848399213
3-173,0.8558508351154176
3-174,0.8313396315486465
3-175,0.8184869161241289
3-176,0.8172462858730958
3-177,0.8276702549701337
3-178,0.8499103809669106
3-179,0.85492899205936
3-180,0.8336148240434327
3-181,0.8313535679229798
3-182,0.848310196707674
3-183,0.8149559722765627
3-184,0.7718711734353448
3-185,0.734978059969843
3-186,0.7039639283054311
3-187,0.6785653230680622
3-188,0.6585661193330378
3-189,0.6437962602493497
3-190,0.6341303686595028
3-191,0.6294871639303402
3-192,0.629828717140587
3-193,0.6351602454741252
3-194,0.6455301651677666
3-195,0.6610303543040968
3-196,0.6817968585874994
3-197,0.7080109710473549
3-198,0.7399000230876753
3-199,0.7777394330606988
3-200,0.8218541944936049
3-201,0.8645901652068642
3-202,0.8454456008244351
3-203,0.8395939390487088
3-204,0.8471531298797198
3-205,0.868344737714797
3-206,0.9034957832628563
3-207,0.9530414721064427
3-208,0.9193448128211983
3-209,0.8733034002143037
3-210,0.8385752986151324
3-211,0.8146857541170625
3-212,0.8012866398599228
3-213,0.7981539820467283
3-214,0.8051862254628962
3-215,0.8224037491340452
3-216,0.8499482741644419
3-217,0.848968925897911
3-218,0.8210044873098984
3-219,0.8051508042464188
3-220,0.8010550625392792
3-221,0.8086160987835699
3-222,0.8279838428242241
3-223,0.8595604773357148
3-224,0.9040032950649228
3-225,0.8790493455825383
3-226,0.864692822724729
3-227,0.8703949892758737
3-228,0.8724751023624171
3-229,0.858809623870187
3-230,0.8646167933569034
3-231,0.8897780559017188
3-232,0.8608202128555413
3-233,0.8366244494403213
3-234,0.8246890388749867
3-235,0.8248260131509086
3-236,0.8370064343701795
3-237,0.8613592986614503
3-238,0.8981732252986203
3-239,0.9167301826627958
3-240,0.8737164355420808
3-241,0.8403346546079793
3-242,0.8161446260935825
3-243,0.8008346179670676
3-244,0.7942189145545389
3-245,0.7962365520198779
3-246,0.8069509025348346
3-247,0.8265502407564149
3-248,0.8553490545063476
3-249,0.8625296890735399
3-250,0.8321101859201767
3-251,0.810574077662684
3-252,0.7978369571797577
3-253,0.793923296499712
3-254,0.7989666162480111
3-255,0.8132107612554271
3-256,0.785056369191663
3-257,0.75848768880537
3-258,0.7173166387612439
3-259,0.683907405464987
3-260,0.6578445818606684
3-261,0.6387576946996857
3-262,0.6263185406413991
4-0,0.964841903553367
4-1,0.9314948732888708
4-2,0.9059318425923596
4-3,0.8630967375430924
4-4,0.8287456714261936
4-5,0.8024735523472561
4-6,0.783963782693816
4-7,0.772986199572721
4-8,0.7693954104625035
4-9,0.773129390272058
4-10,0.7842096772450164
4-11,0.8027407896555971
4-12,0.8289114227210235
4-13,0.8629956142164882
4-14,0.9053547114009861
4-15,0.8970448704350562
4-16,0.8778556767137646
4-17,0.8736554743425484
4-18,0.8842172627753726
4-19,0.9097639351037325
4-20,0.9509703706135311
4-21,0.9299236691482049
4-22,0.8879258666738146
4-23,0.8575173842962314
4-24,0.8382374850754084
4-25,0.8297809459154486
4-26,0.8319951320395604
4-27,0.8448792262422924
4-28,0.8685842134849648
4-29,0.9034136052721087
4-30,0.949826221239532
4-31,0.9750404526812357
4-32,0.9514130630739996
4-33,0.9645668918897803
4-34,0.978150189205713
4-35,0.9299107025359024
4-36,0.8985380053270553
4-37,0.8834689132898528
4-38,0.8844287086260096
4-39,0.901428667020064
4-40,0.93476615194696
4-41,0.9621787375011687
4-42,0.9140164284896024
4-43,0.8804229574631017
4-44,0.8612085547930056
4-45,0.8562752450113196
4-46,0.8656160115638367
4-47,0.8893145922652756
4-48,0.9275460883924445
4-49,0.9805777192521241
4-50,0.9201444177691382
4-51,0.8691025500240093
4-52,0.82695974831973
4-53,0.7933091964877323
4-54,0.7678272435204135
4-55,0.7502712373890754
4-56,0.7404772943542801
4-57,0.7383599332629043
4-58,0.7439106806681841
4-59,0.7571987989394164
4-60,0.7783716135992884
4-61,0.8076546614646438
4-62,0.845354616816502
4-63,0.8918603525833033
4-64,0.947646705090213
4-65,0.9293447452004457
4-66,0.9299781919122294
4-67,0.9605133793855722
4-68,0.9334494865559992
4-69,0.9083059617999928
4-70,0.8781815664341907
4-71,0.8652748827202661
4-72,0.8693845104494531
4-73,0.8905369899721198
4-74,0.9289873666895676
4-75,0.8930297288781922
4-76,0.8441644656803085
4-77,0.8040705342700264
4-78,0.7723056640702248
4-79,0.7485155968342929
4-80,0.7324309424616999
4-81,0.7238660450204975
4-82,0.7227169008150625
4-83,0.7289608851154895
4-84,0.7426563437841786
4-85,0.7639433116433334
4-86,0.7930440738919035
4-87,0.7816676114357477
4-88,0.7578972185669263
4-89,0.7424332237942408
4-90,0.735167817614409
4-91,0.7360626841869671
4-92,0.7451490979611726
4-93,0.7625279726907168
4-94,0.7883706204200336
4-95,0.8229198803365647
4-96,0.8664918653037872
4-97,0.919478365677199
4-98,0.9420333258064335
4-99,0.8926583060473567
4-100,0.8619335343900857
4-101,0.8494333470139162
4-102,0.8549087285366052
4-103,0.8483602745192805
4-104,0.8329898897399943
4-105,0.8396479280808382
4-106,0.8683341961091537
4-107,0.8577919171697191
4-108,0.8570614948645139
4-109,0.8728709967066843
4-110,0.9056543322122963
4-111,0.9239660410193442
4-112,0.901963024819471
4-113,0.8603591682243117
4-114,0.830656182190984
4-115,0.8124166213271877
4-116,0.8053254929626852
4-117,0.809188896979458
4-118,0.8239315304724735
4-119,0.8495969850323687
4-120,0.8585737490330201
4-121,0.8102293467258908
4-122,0.7671088762122344
4-123,0.7289164078259078
4-124,0.6953886393167801
4-125,0.6662933495794374
4-126,0.6414277513513189
4-127,0.620617172184462
4-128,0.6037139491831733
4-129,0.5905965160699641
4-130,0.5811684311246048
4-131,0.5753579587603379
4-132,0.573117402288958
4-133,0.5744228952341327
4-134,0.5792741748097051
4-135,0.5876946758816721
4-136,0.5997314513807465
4-137,0.6154556510537739
4-138,0.634962988672663
4-139,0.6583741610794422
4-140,0.6858357356452203
4-141,0.6891944139489334
4-142,0.6851506300050997
4-143,0.6859551890754012
4-144,0.6916843025218594
4-145,0.7024558364168498
4-146,0.7184302151872876
4-147,0.7398115299654973
4-148,0.7668491937856909
4-149,0.799839491376334
4-150,0.8391277516954307
4-151,0.8851108882389747
4-152,0.8986551081538399
4-153,0.9102398962794541
4-154,0.8944592026650295
4-155,0.8547733414913311
4-156,0.8242176977272871
4-157,0.8024526975237571
4-158,0.7892489096165676
4-159,0.7844853777729561
4-160,0.7881488025143089
4-161,0.8003334841765832
4-162,0.8154776383707327
4-163,0.7876354396298983
4-164,0.768537091551561
4-165,0.7580305506835537
4-166,0.7560453132899134
4-167,0.762591800286883
4-168,0.7777617933684755
4-169,0.8017286417199603
4-170,0.8347489806652297
4-171,0.8771641126556939
4-172,0.9294028224415697
4-173,0.9743959790611918
4-174,0.9566612921648785
4-175,0.9035175556911854
4-176,0.8651118383487142
4-177,0.8409911840797505
4-178,0.8308787065800731
4-179,0.8346717586796328
4-180,0.8524418665061747
4-181,0.8844346917890049
4-182,0.9310714086760052
4-183,0.9268371864804918
4-184,0.9135924595174317
4-185,0.9402387838756412
4-186,0.928453660428756
4-187,0.9197942694126262
4-188,0.8820966565676409
4-189,0.8633997256905579
4-190,0.8628100531093379
4-191,0.88019793200805
4-192,0.9161971364134426
4-193,0.9178987251628685
4-194,0.9370510874482045
4-195,0.9329071004804699
4-196,0.9043821763890564
4-197,0.8591442404034658
4-198,0.8232733868162898
4-199,0.7962704313015659
4-200,0.7777666110734964
4-201,0.7675210077880674
4-202,0.7654188522847731
4-203,0.771470506009367
4-204,0.7858118148073254
4-205,0.7885918399539837
4-206,0.7795457234694279
4-207,0.7785412328756253
4-208,0.7855185967237468
4-209,0.8004868581937183
4-210,0.8235238831377675
5-0,0.9714898830101121
5-1,0.9206451807214708
5-2,0.8867267554916332
5-3,0.8689849066292578
5-4,0.8670260787608528
5-5,0.8808100619526443
5-6,0.910649800699815
5-7,0.90575018019672
5-8,0.8602339935619705
5-9,0.8231250472770396
5-10,0.7940894609712202
5-11,0.7728651239465629
5-12,0.7592601117450748
5-13,0.7531508074011347
5-14,0.7544817911976092
5-15,0.7632647421023393
5-16,0.7795790244613336
5-17,0.8035720882131216
5-18,0.8354602846284493
5-19,0.8755307558997931
5-20,0.9143416547658159
5-21,0.8758713373958456
5-22,0.8498916724110686
5-23,0.8362232909673368
5-24,0.8347831607989725
5-25,0.845584734417266
5-26,0.8687372990522162
5-27,0.9044473579130967
5-28,0.9530196492752744
5-29,0.919101232550962
5-30,0.8942770881267634
5-31,0.8886280948464972
5-32,0.9018547488815091
5-33,0.934291983611073
5-34,0.9018527990746689
5-35,0.8752474879100052
5-36,0.8631878738219864
5-37,0.8654420017720137
5-38,0.8820224665548256
5-39,0.9131863906394826
5-40,0.8925109594935525
5-41,0.8826607606680641
5-42,0.8913286992056721
5-43,0.9188730550169076
5-44,0.9242470316236302
5-45,0.8937758456411184
5-46,0.8847698769641688
5-47,0.8972320376933312
5-48,0.9312759935658765
5-49,0.9034653032649211
5-50,0.9013305319466937
5-51,0.90832712047265
5-52,0.8703941558067271
5-53,0.8502644675663089
5-54,0.8473287861096648
5-55,0.8618377598846223
5-56,0.8640268969140674
5-57,0.8369995667688588
5-58,0.8256266215882727
5-59,0.8296222497314893
5-60,0.8490024109929111
5-61,0.8840847320368261
5-62,0.9122284915170032
5-63,0.8591814962253165
5-64,0.81429912318171
5-65,0.7771280458342541
5-66,0.7472916620756882
5-67,0.7244872673435844
5-68,0.7084839477036053
5-69,0.6991210291244173
5-70,0.6963070689758062
5-71,0.7000189217927218
5-72,0.7103018582222451
5-73,0.7272697204467733
5-74,0.7511057943099633
5-75,0.782064207104509
5-76,0.7901352839642395
5-77,0.7884321391277357
5-78,0.7980236792228678
5-79,0.8192001547034984
5-80,0.8523989617112808
5-81,0.8982076262510901
5-82,0.8746068528910231
5-83,0.8489710872185666
5-84,0.8422851180553169
5-85,0.8340506773906751
5-86,0.7893517632712669
5-87,0.7512123572523799
5-88,0.7192779179388198
5-89,0.69324833711329
5-90,0.6728760797027409
5-91,0.6579641503260347
5-92,0.6483649599529351
5-93,0.6439792878225998
5-94,0.6447554742044652
5-95,0.6506890546713815
5-96,0.6618228326570038
5-97,0.6782470906228333
5-98,0.7001001925250518
5-99,0.7275695323455327
5-100,0.7608927831227288
5-101,0.8003596302816052
5-102,0.846313551830001
5-103,0.8666922218667497
5-104,0.8868266938502337
5-105,0.9222490064689921
5-106,0.9736159286164047
5-107,0.9258315866108491
5-108,0.8988419344344498
5-109,0.8778822462553815
5-110,0.8362765618079532
5-111,0.8031265982241705
5-112,0.7781265962480428
5-113,0.761034140426972
5-114,0.7516687492155307
5-115,0.7499105963213512
5-116,0.7556995663609815
5-117,0.7690350055220463
5-118,0.7899752954792185
5-119,0.8186385664975355
5-120,0.855203093009751
5-121,0.8543924073540153
5-122,0.8156449255107416
5-123,0.7839553154071386
5-124,0.759034554344133
5-125,0.7406538906736758
5-126,0.7286433904556454
5-127,0.7228909925636655
5-128,0.7233413848767428
5-129,0.7299959747936596
5-130,0.7429124944580892
5-131,0.7622056988850459
5-132,0.7880480103483494
5-133,0.8206708817888426
5-134,0.8603659969626007
5-135,0.9074879084452387
5-136,0.962455738204952
5-137,0.9378154119526652
5-138,0.8849302456548573
5-139,0.8412078488152533
5-140,0.8062425585426738
5-141,0.7797099601456898
5-142,0.7613648137473308
5-143,0.7510388998147055
5-144,0.748640143578634
5-145,0.7541517545736558
5-146,0.7676324531400135
5-147,0.7892167593486137
5-148,0.8191157815830827
5-149,0.857618932915033
5-150,0.9050954463571759
5-151,0.9619976693005807
5-152,0.9163347456431312
5-153,0.865197477782589
5-154,0.8205429570842087
5-155,0.7820228828338807
5-156,0.7493313287876209
5-157,0.7222026611201817
5-158,0.7004102314020533
5-159,0.6837637932670853
5-160,0.6721093123053713
5-161,0.665327354237444
5-162,0.6633320765707298
5-163,0.6660712233891624
5-164,0.6735250442019761
6-0,0.8940639567543904
6-1,0.8925283959781534
6-2,0.8676108418536155
6-3,0.8583795396478178
6-4,0.8647130639396543
6-5,0.8867130530546444
6-6,0.9247042471042618
6-7,0.9441820698274561
6-8,0.8963015681747375
6-9,0.8611016662983074
6-10,0.8381639928533007
6-11,0.8272076712327613
6-12,0.8280880506081529
6-13,0.840795239146447
6-14,0.8654538598599765
6-15,0.902324550529634
6-16,0.9518052800464135
6-17,0.9542943548868327
6-18,0.9199305170480838
6-19,0.9110298355582207
6-20,0.9272660516868028
6-21,0.9694447052843989
6-22,0.9502030213634558
6-23,0.9741649292218608
6-24,0.9609773136145068
6-25,0.9619152584589752
6-26,0.9014892833270234
6-27,0.8486542177257457
6-28,0.8029272274371891
6-29,0.7638881388295498
6-30,0.7311772600921349
6-31,0.7044925129488614
6-32,0.6835874638044566
6-33,0.6682697729852372
6-34,0.6583992902987872
6-35,0.6538880184530416
6-36,0.6546986175441529
6-37,0.6608448628141981
6-38,0.672391150561406
6-39,0.6894533079692764
6-40,0.7121995040841568
6-41,0.7408509812496332
6-42,0.7756838747783945
6-43,0.8170312649922506
6-44,0.8652851369654659
6-45,0.8736353944799952
6-46,0.8456450197079033
6-47,0.8291933403898242
6-48,0.8238913967385562
6-49,0.8295756271804963
6-50,0.8463066008959297
6-51,0.874369310107697
6-52,0.9142754800583934
6-53,0.9204643009451967
6-54,0.8993598298900661
6-55,0.899340961379676
6-56,0.9207203682576335
6-57,0.9022235466919173
6-58,0.8935284315549122
6-59,0.910539443646984
6-60,0.9541208227393752
6-61,0.9659347274973838
6-62,0.9077265711617666
6-63,0.8563585162241418
6-64,0.8114127694237402
6-65,0.7725105647683639
6-66,0.7393097134680165
6-67,0.7115021589224935
6-68,0.6888119090824882
6-69,0.6709930666854353
7-0,0.6978934684959088
7-1,0.6785080231176677
7-2,0.663215532314445
7-3,0.6519145170358962
7-4,0.644530320623265
7-5,0.6410149297567114
7-6,0.6413465793966989
7-7,0.6455297315766568
7-8,0.6535945539266292
7-9,0.6655980534963318
7-10,0.6816235583589123
7-11,0.701781826731726
7-12,0.7262115881436255
7-13,0.7550803313022911
7-14,0.7885855467806739
7-15,0.8269559675451796
7-16,0.8704531759486276
7-17,0.8372938924293243
7-18,0.8025597961284792
7-19,0.7751619880132057
7-20,0.7548402490843945
7-21,0.7413993012540118
7-22,0.7347071550701348
7-23,0.734694865947825
7-24,0.741355052352662
7-25,0.7547428365306128
7-26,0.7749756015877209
7-27,0.8022338715397503
7-28,0.836762987362988
7-29,0.8788741274393631
7-30,0.928946742874636
7-31,0.9874314789064091
7-32,0.939683404010066
7-33,0.9093929330665054
7-34,0.8962882237173216
7-35,0.900222424980862
7-36,0.9129546847003343
7-37,0.9062238586541077
7-38,0.8740933360756082
7-39,0.854412608041152
7-40,0.8466850165605408
7-41,0.8287177333803752
7-42,0.8215200517731165
7-43,0.8248282793784929
7-44,0.8385076301727865
7-45,0.8314623684486824
7-46,0.8019810694105767
7-47,0.7802553856979267
7-48,0.7660021158835044
7-49,0.7590437748244322
7-50,0.759307155356195
7-51,0.7668230414244976
7-52,0.7817262125717901
7-53,0.8042567242953891
7-54,0.8347613854775909
7-55,0.8487642061333837
7-56,0.8151968911096594
7-57,0.7928642785484817
7-58,0.7814350951010517
7-59,0.7807746790430253
7-60,0.7909441781020404
7-61,0.812200749278869
7-62,0.8118949815069259
7-63,0.787942412331007
7-64,0.7724204519760722
7-65,0.7651495219585811
7-66,0.7660672631747494
7-67,0.7752280201207671
7-68,0.7928035530996305
7-69,0.8190839905954864
7-70,0.8544803712067812
7-71,0.8995271410098135
7-72,0.9234229485397885
7-73,0.9047553004327464
7-74,0.9277212444369809
7-75,0.9074125101371752
7-76,0.8737689344803368
7-77,0.8594703846102147
7-78,0.8642801468650915
7-79,0.8882494942869679
7-80,0.9317157171345858
7-81,0.9232747676349864
7-82,0.8849604277338166
7-83,0.8634552855127728
7-84,0.858223300562154
7-85,0.8690903528186995
7-86,0.8962419170681379
7-87,0.9402254504400742
7-88,0.9757292218100593
7-89,0.9194971991672631
7-90,0.8744941933340051
7-91,0.8402928639313114
7-92,0.8165520583475616
7-93,0.8030142723566622
7-94,0.7995037320816765
7-95,0.805925068913445
7-96,0.822262944210143
7-97,0.8485817578207602
7-98,0.8664332370178316
7-99,0.8187001768585425
7-100,0.7783819396327414
7-101,0.7450077890470195
7-102,0.7181825077758848
7-103,0.6975835661449412
7-104,0.6829586330812161
7-105,0.6741240917260054
7-106,0.6709637519142706
7-107,0.6734273684871288
7-108,0.6815311321007915
7-109,0.695357218358343
7-110,0.7150544404377086
7-111,0.7408395230185029
7-112,0.7599458801369778
7-113,0.733944925527824
7-114,0.7152580546367809
7-115,0.7037431280239572
7-116,0.6993159406534777
7-117,0.7019498547005978
7-118,0.7116753923602405
7-119,0.7285806144583185
7-120,0.7528116988282338
8-0,0.6820849666180058
8-1,0.6536393433198232
8-2,0.6286777362075575
8-3,0.6070647276752582
8-4,0.588684844844548
8-5,0.5734413891223673
8-6,0.5612564894660949
8-7,0.552070020165198
8-8,0.545839668055544
8-9,0.5425405294306859
8-10,0.542164842821546
8-11,0.5447223643021044
8-12,0.550239928517622
8-13,0.5587620746518644
8-14,0.5703510614334373
8-15,0.5850874731420359
8-16,0.6030704928250854
8-17,0.624419065066201
8-18,0.6492717164913712
8-19,0.6777887186780528
8-20,0.7101520130376795
8-21,0.746566794168285
8-22,0.7872630209893645
8-23,0.8324965796141519
8-24,0.8825510298743785
8-25,0.9377394067468101
8-26,0.9617982612384777
8-27,0.9079683598829809
8-28,0.862290832659734
8-29,0.8243288092271996
8-30,0.7936990058132263
8-31,0.7700687034795985
8-32,0.7531537399462369
8-33,0.7427160026615567
8-34,0.7385621313690678
8-35,0.7405418279643095
8-36,0.74854692119747
8-37,0.7074246276218406
8-38,0.669895662916884
8-39,0.6357315420979324
8-40,0.6047245874142128
8-41,0.5766865286142037
8-42,0.5514473542428245
8-43,0.5288542890707308
8-44,0.5087707898905008
8-45,0.49107557590437456
8-46,0.47566213077861763
8-47,0.4624376954974153
8-48,0.4513230157222282
8-49,0.44225155472867983
8-50,0.43516930944575427
8-51,0.4300342902004146
8-52,0.426816348902605
8-53,0.4254970215172476
8-54,0.4260692861452501
8-55,0.42853769879483217
8-56,0.4329182151808616
8-57,0.4392384864218266
8-58,0.44753792229270783
8-59,0.45786796336441293
8-60,0.4702924478641845
8-61,0.4848879255191497
8-62,0.5017442720568357
8-63,0.5209651707748287
8-64,0.5426687320230171
8-65,0.5669883846018066
8-66,0.594073553103547
8-67,0.6240907879874737
8-68,0.6572245878027498
8-69,0.6936787877300916
8-70,0.7336777693322112
8-71,0.7774678450019237
8-72,0.7786035495425361
8-73,0.7666857522825676
8-74,0.7621831382918347
8-75,0.7651273690807499
8-76,0.7756372188226783
8-77,0.7939193146866258
8-78,0.8202699743725965
8-79,0.8550770877730701
8-80,0.8919738451549135
8-81,0.8811348152355574
8-82,0.8882662529973442
8-83,0.9140857632935545
8-84,0.8798807799457202
8-85,0.8492303689803362
8-86,0.8302190264390763
8-87,0.8226287130088672
8-88,0.826411068358692
8-89,0.8416868546338352
8-90,0.8687470424141436
8-91,0.8383197523562809
8-92,0.8118201988715692
8-93,0.7961961607624058
8-94,0.791014196288631
8-95,0.7961988278607168
8-96,0.812032249174458
8-97,0.839156308395024
8-98,0.8284934105406798
8-99,0.8188867631156787
8-100,0.7872021679145395
9-0,0.668272266480169
9-1,0.6309952182824535
9-2,0.5963846788877324
9-3,0.5642689531947902
9-4,0.5344897311698
9-5,0.5069011159712142
9-6,0.4813687976079585
9-7,0.4577691812389533
9-8,0.4359887048949691
9-9,0.4159232164177564
9-10,0.3974772566657071
9-11,0.38056362444209113
9-12,0.36510273811471605
9-13,0.3510223233239854
9-14,0.3382568070815799
9-15,0.3267471572480882
9-16,0.3164403271150256
9-17,0.3072890617520877
9-18,0.2992516530160347
9-19,0.29229159847284525
9-20,0.2863775175683267
9-21,0.2814828087272048
9-22,0.277585678127008
9-23,0.2746688867086784
9-24,0.2727196870164184
9-25,0.27172978147037596
9-26,0.27169522055410167
9-27,0.27261646433343617
9-28,0.27449823972151555
9-29,0.2773497945678477
9-30,0.28118471852424703
9-31,0.2860211487006607
9-32,0.29188187897335505
9-33,0.2987944584164417
9-34,0.3067913181577785
9-35,0.31591005859748755
9-36,0.32619358747619226
9-37,0.33769040002086215
9-38,0.35045480831298553
9-39,0.36454742553603803
9-40,0.38003525556858353
9-41,0.39699228238835627
9-42,0.41549992772057026
9-43,0.4356473440258961
9-44,0.4575321287621148
9-45,0.48126074487085435
9-46,0.5069492532302138
9-47,0.5347239576713564
9-48,0.5647221824128715
9-49,0.5970930660167467
9-50,0.6319983843892365
9-51,0.6696136522617282
9-52,0.7101290911996048
9-53,0.7537506991901959
9-54,0.7548985631898008
9-55,0.7535291649782647
9-56,0.7616078952526177
9-57,0.7791137502324073
9-58,0.8061140441106109
9-59,0.8427644036529318
9-60,0.8158906494792307
9-61,0.7977621275587733
9-62,0.788293529212571
9-63,0.7874787636534759
9-64,0.7953907599888053
9-65,0.8121823289827793
9-66,0.8336023515717823
9-67,0.8262968321084854
9-68,0.8325666945771244
9-69,0.8525776916773525
9-70,0.8449501902272719
9-71,0.8079151507251212
9-72,0.7822464350234867
9-73,0.7676813874171855
9-74,0.7286797696442515
9-75,0.6959298360187531
9-76,0.6692696807515768
9-77,0.6485728680414347
9-78,0.6337476568907296
9-79,0.6247366711937228
9-80,0.6215163250479446
9-81,0.6240969165068713
9-82,0.6325226816987553
9-83,0.646872082856038
9-84,0.6672584425708501
9-85,0.6938306761005573
9-86,0.6989017900405022
9-87,0.6684172311173728
9-88,0.6439240587540584
9-89,0.6252511194449928
9-90,0.6122634659356668
9-91,0.6048614482873144
9-92,0.6029801179346144
9-93,0.6065887897142707
9-94,0.6156908065414441
9-95,0.6303234485077711
9-96,0.6505582996875215
9-97,0.6765016008327336
9-98,0.7082946813210516
9-99,0.7461151750157105
9-100,0.790177975432572
9-101,0.7928025279020448
9-102,0.7844725925556556
9-103,0.7862380065790626
9-104,0.7981282915178948
9-105,0.8202264616605892
9-106,0.8526686908788474
9-107,0.8956460718192827
9-108,0.9382951605756042
9-109,0.8902562149653065
9-110,0.8498739597981362
9-111,0.8168081465665473
9-112,0.790780492624152
9-113,0.7715730001443706
9-114,0.7590263317837174
9-115,0.7530391554504405
9-116,0.7535667781952178
9-117,0.7606213111341368
9-118,0.7742717477994843
9-119,0.7946444495653797
9-120,0.8219238225915246
9-121,0.8563535647352178
9-122,0.8485426985792967
9-123,0.8144407064542649
9-124,0.7867462686743386
9-125,0.7652330495784071
9-126,0.7497251242885281
9-127,0.7400962139622056
9-128,0.7362686739244796
9-129,0.7382132622134261
9-130,0.7459484483895367
9-131,0.759540893728682
9-132,0.7791058656539062
9-133,0.8048081135122662
9-134,0.8368625385154244
9-135,0.8755361167890439
10-0,0.7943120612758039
10-1,0.7561310137209066
10-2,0.7237187683068484
10-3,0.6967602346992496
10-4,0.6749888251460666
10-5,0.6581845433435052
10-6,0.6461722841949794
10-7,0.6388210487343375
10-8,0.6360425592791112
10-9,0.6377909359608396
10-10,0.6440620761170974
10-11,0.6548938061694327
10-12,0.6703663542841747
10-13,0.690602226209377
10-14,0.7157675655596003
10-15,0.7460731945615111
10-16,0.7111703941375207
10-17,0.6823147515873264
10-18,0.6592552824907484
10-19,0.6417895771645471
10-20,0.6297626463279787
10-21,0.6230661731061147
10-22,0.6216373186154247
10-23,0.6254583644421172
10-24,0.6345569186777
10-25,0.6490056227032439
10-26,0.668922999257848
10-27,0.694474141914003
10-28,0.7258718416558921
10-29,0.7633778725763294
10-30,0.8073049447628373
10-31,0.8580188848144397
10-32,0.8836562295367276
10-33,0.8458236418155276
10-34,0.8217959340821464
10-35,0.8111877262930969
10-36,0.8138118333352218
10-37,0.8296774154841698
10-38,0.8589904127775548
10-39,0.8929041462624294
10-40,0.9321552528663186
10-41,0.9041229587982035
10-42,0.8962344120150592
10-43,0.8661106344271126
10-44,0.8593348276022763
10-45,0.8754194978468928
10-46,0.9146698196853351
10-47,0.8925420792548144
10-48,0.8478533070100416
10-49,0.8128981531064623
10-50,0.7872086032268284
10-51,0.7704331155081107
10-52,0.7623344523123092
10-53,0.7627878352655784
10-54,0.7717798758889052
10-55,0.7894086736552408
10-56,0.8158844204008321
10-57,0.8515307520670718
10-58,0.8967874183915445
10-59,0.9522130940496922
10-60,0.8949221828127143
10-61,0.8468689795435405
10-62,0.8073711785681459
10-63,0.7758516331234018
10-64,0.7518343915026425
10-65,0.7349408572635143
10-66,0.7116302188874333
10-67,0.6942332262108377
10-68,0.6825350904047851
10-69,0.6764013958853246
10-70,0.6757769310902735
10-71,0.6806853470244236
10-72,0.6912295225775098
10-73,0.7075920696191105
10-74,0.7300368586971653
10-75,0.7589110068942498
10-76,0.7420744299650655
10-77,0.7439501875963006
10-78,0.7151759406210576
10-79,0.6865204044343751
10-80,0.6626278467216313
10-81,0.6433727003342948
10-82,0.6286665002378113
10-83,0.6184575612267604
10-84,0.6127302840788383
11-0,0.7055661147893043
11-1,0.6765491841295876
11-2,0.6542168550037855
11-3,0.638361445013627
11-4,0.6288296461001641
11-5,0.6255214630916932
11-6,0.6283895222873512
11-7,0.6374385714082978
11-8,0.6527257876160988
11-9,0.6743608664632295
11-10,0.7025068281693403
11-11,0.7373811626846276
11-12,0.7530563067267493
11-13,0.7581773669963455
11-14,0.7817947330531898
11-15,0.7693971018544021
11-16,0.7465267116264842
11-17,0.7215700200856999
11-18,0.7031969915989262
11-19,0.6911274643972163
11-20,0.6851627572871157
11-21,0.6851844569519805
11-22,0.6911533449221042
11-23,0.7031091666519858
11-24,0.721170888609258
11-25,0.7455374935271359
11-26,0.7764893730851559
11-27,0.8143904327584327
11-28,0.8235707043759737
11-29,0.791343782097484
11-30,0.7736508472375181
11-31,0.7701782791041953
11-32,0.7808677724480597
11-33,0.805915823056998
11-34,0.8374137756003031
11-35,0.8091935794770371
11-36,0.7966376938436946
11-37,0.7996689741176884
11-38,0.8183439780649157
11-39,0.8027946925084646
11-40,0.7926539764480163
11-41,0.7929425539829597
11-42,0.80357168117561
11-43,0.8246584150154325
11-44,0.8565267285682248
11-45,0.8997096197539718
11-46,0.9028343002287937
11-47,0.8673769943060126
11-48,0.8454625351541636
11-49,0.8301724351563853
11-50,0.8104137846459848
11-51,0.8002464279138709
11-52,0.7995239844879851
11-53,0.8027719123098372
11-54,0.764393365635871
11-55,0.7309428709734623
11-56,0.7021697010758513
11-57,0.6778576996164488
11-58,0.6578237298863929
11-59,0.6419166621404964
11-60,0.6300161324057809
11-61,0.6220319438838637
11-62,0.6179033077810323
11-63,0.6175985473087646
11-64,0.6211148119284449
11-65,0.6284781834346855
11-66,0.6397436252186478
11-67,0.6549955608849443
11-68,0.6743483881406678
11-69,0.6979470846327087
12-0,0.9345181511056668
12-1,0.8805975687110779
12-2,0.8272429003966386
12-3,0.7794763921388916
12-4,0.7369630419972539
12-5,0.699403937806054
12-6,0.6665345062281496
12-7,0.6381225779539247
12-8,0.6139669379034953
12-9,0.5938961247072787
12-10,0.5777670475993804
12-11,0.5654643138030613
12-12,0.5568993541376508
12-13,0.552009749303411
12-14,0.5507590469589607
12-15,0.5531362221734077
12-16,0.5591559456851969
12-17,0.5688582767286777
12-18,0.5823094106669666
12-19,0.5996016168060416
12-20,0.6208541012223153
12-21,0.6462138354428517
12-22,0.6758563138583349
12-23,0.7099869585931569
12-24,0.748842117498234
12-25,0.7926909856683729
12-26,0.8418369701071801
12-27,0.8673836856538368
12-28,0.8330082066272084
12-29,0.8079369312946608
12-30,0.7918572983767611
12-31,0.7845708673530021
12-32,0.7859916988374034
12-33,0.7961460513692
12-34,0.8151721786584354
12-35,0.8433216220396877
12-36,0.8809609068858686
12-37,0.928574104489707
12-38,0.9476769700383316
12-39,0.9037989630323731
12-40,0.8782790388370045
12-41,0.8707032660077221
12-42,0.8809317513081729
12-43,0.9090977517227097
12-44,0.9556085982420184
12-45,0.9017618572330397
12-46,0.8597361802861321
12-47,0.8291283457018195
12-48,0.8096400898220859
12-49,0.8010754990194338
12-50,0.8033400916214151
12-51,0.8164399381155071
12-52,0.8404817237408679
12-53,0.8756735042068691
12-54,0.9223261071166791
12-55,0.9026787920819519
12-56,0.8646407000955594
12-57,0.8380087124604063
12-58,0.8223877181117478
12-59,0.8175439294003835
12-60,0.8234037606182524
12-61,0.8400528011933981
12-62,0.8677370296601932
12-63,0.9068638430978462
12-64,0.8947853516355351
12-65,0.850859905451005
12-66,0.816315330450815
12-67,0.7907668305826937
12-68,0.7739272696676296
12-69,0.7656056353116859
12-70,0.7657055482899855
12-71,0.7742246117217073
12-72,0.7912544498006113
12-73,0.8169813990305365
12-74,0.8516872453168343
12-75,0.8957523842819048
12-76,0.9496571796190482
12-77,0.912006364093818
12-78,0.8842150047976765
12-79,0.8780415960627199
12-80,0.8934558490695284
12-81,0.9305306948705969
13-0,0.8676514618974607
13-1,0.8154473698291187
13-2,0.7682136549668576
13-3,0.7256512046148968
13-4,0.6874905574139261
13-5,0.6534902686814135
13-6,0.6234353104867887
13-7,0.597135709209376
13-8,0.5744254249227243
13-9,0.5551613237659194
13-10,0.5392219577746884
13-11,0.5265072075526089
13-12,0.5169372347619011
13-13,0.5104524629235621
13-14,0.5070126213786716
13-15,0.5065969459082905
13-16,0.5092037906546626
13-17,0.5148509549518551
13-18,0.5235751766641321
13-19,0.5354330790529628
13-20,0.5505010375426674
13-21,0.5688758743937163
13-22,0.5906754499366511
13-23,0.6160394684001647
13-24,0.6451301504649309
13-25,0.6781335798183106
13-26,0.7152607791905692
13-27,0.7567488308515671
13-28,0.8028628932200523
13-29,0.8538972004142202
13-30,0.9101778999945004
13-31,0.9030043683685209
13-32,0.9255048198448279
13-33,0.8967652268883632
13-34,0.9009473577971849
13-35,0.9296454850338932
13-36,0.9062434848500991
13-37,0.9152787204630126
13-38,0.9011471925400616
13-39,0.9146700794371625
13-40,0.8788091598387494
13-41,0.868024775069957
13-42,0.8818006692701048
13-43,0.8354294768857311
13-44,0.7963374144043307
13-45,0.7641286250878184
13-46,0.7384754256385215
13-47,0.7191164233402989
13-48,0.705854445850202
13-49,0.6985553633609374
13-50,0.697146887625395
13-51,0.7016183311039385
13-52,0.7120202627544594
13-53,0.7284651868314698
13-54,0.7511280980667154
13-55,0.7802477636378666
13-56,0.8161283613143616
13-57,0.8591418874796191
13-58,0.9097303503936246
13-59,0.9684086796426312
13-60,0.9350080750761471
13-61,0.9448862397812244
13-62,0.8952531167362938
13-63,0.8580856602785849
13-64,0.8329514958091171
13-65,0.819558871923169
13-66,0.8177523057554843
13-67,0.8275140976071769
13-68,0.8489622516989981
13-69,0.8823519401658899
13-70,0.9280775983457126
13-71,0.9479302505561875
13-72,0.9409622709525536
13-73,0.9214687035252584
14-0,0.965261381488121
14-1,0.9217428515053889
14-2,0.865298187441883
14-3,0.8146543102274509
14-4,0.7694550285374555
14-5,0.7293815722080343
14-6,0.6941503573902885
14-7,0.6635113292175775
14-8,0.6372460490722474
14-9,0.6151665070460124
14-10,0.5971137268942008
14-11,0.5829567493235162
14-12,0.5725918865547859
14-13,0.565941808766887
14-14,0.5629553226885611
14-15,0.5636067027141657
14-16,0.5678958742584973
14-17,0.5758480364028208
14-18,0.5875140884221992
14-19,0.6029708913303405
14-20,0.6223217733167148
14-21,0.6456970472591792
14-22,0.6732549862339048
14-23,0.7051830140660544
14-24,0.7416985249351331
14-25,0.7830506664214855
14-26,0.8295217251927411
14-27,0.8814290845128334
14-28,0.9391273103431099
14-29,0.9210804379932518
14-30,0.8840819559905619
14-31,0.8642918700657167
14-32,0.8613357222922452
14-33,0.8752516115220521
14-34,0.9064889759523886
14-35,0.896580855745571
14-36,0.8598202998722133
14-37,0.8337314797475157
14-38,0.788032690218611
14-39,0.7433811512363244
14-40,0.7025160370404567
14-41,0.665180128418019
14-42,0.6311384343565697
14-43,0.6001767159746598
14-44,0.5721001490802456
14-45,0.5467319736733185
14-46,0.5239125250501833
14-47,0.5034980337632604
14-48,0.4853599460059635
14-49,0.469383798983606
14-50,0.4554687616777226
14-51,0.4435268653504769
14-52,0.4334824395839049
14-53,0.4252716971634588
14-54,0.4188422146247984
14-55,0.4141527454061653
14-56,0.41117274564765344
14-57,0.40988246583894483
14-58,0.41027252147085713
14-59,0.4123441127007052
14-60,0.41610873689796146
14-61,0.4215885042636043
14-62,0.4288161684247761
14-63,0.4378353862615504
14-64,0.4487008541920649
14-65,0.4614788437949495
14-66,0.47624748220628
14-67,0.49309736920187985
14-68,0.5121319590221697
14-69,0.5334684411048971
14-70,0.5572382982293165
14-71,0.5835883111712328
14-72,0.6126812876683515
14-73,0.6446972755584344
14-74,0.6798346394872422
15-0,0.9864607117590775
15-1,0.9481232137720547
15-2,0.9393320069770221
15-3,0.9600398751325951
15-4,0.9984958785537668
15-5,0.9787344019011104
15-6,0.9846737279094053
15-7,0.9348916666274713
15-8,0.9009447420474841
15-9,0.8824737303702832
15-10,0.8792296167704641
15-11,0.8910721967986577
15-12,0.8909320210219228
15-13,0.8625867882961233
15-14,0.8452192597025152
15-15,0.8386419823581552
15-16,0.8096048920539209
15-17,0.7889283795655376
15-18,0.7763233178253602
15-19,0.771605276052697
15-20,0.7746931805961416
15-21,0.7856087728918282
15-22,0.8044765998735757
15-23,0.8315251101561137
15-24,0.8670881020669043
15-25,0.9116072820868244
15-26,0.9020502552426612
15-27,0.8618122593294744
15-28,0.8334962492093223
15-29,0.8168840827702808
15-30,0.8118531604812219
15-31,0.8183756150600558
15-32,0.7827873805402281
15-33,0.7527553148473809
15-34,0.7280279205934757
15-35,0.7083959113736171
15-36,0.6936907374278383
15-37,0.6837835109313982
15-38,0.6785841423339689
15-39,0.6780405735176656
15-40,0.6821385729246301
15-41,0.6584821028984991
15-42,0.6394232681812752
15-43,0.6248046412633509
15-44,0.6144999396535558
15-45,0.6084130715834645
15-46,0.6064775797729891
15-47,0.6086559673119534
15-48,0.6149396846351708
15-49,0.6253489126873819
15-50,0.6399326143480728
15-51,0.6587688552655584
15-52,0.6819652993656953
15-53,0.7096599158837542
16-0,0.2194933136885197
17-0,0.9713282002563138
17-1,0.920187635115555
17-2,0.8964918733824263
17-3,0.8989093134186878
17-4,0.9280423040932915
17-5,0.911111804274797
17-6,0.8570582662488052
17-7,0.8111786391261364
17-8,0.7730304298640738
17-9,0.742244644347666
17-10,0.7185219536055802
17-11,0.701630887019098
17-12,0.691407031299316
17-13,0.6877506346335094
17-14,0.6906271362565262
17-15,0.7000659836302165
17-16,0.7161612722256527
17-17,0.7390724694848816
17-18,0.7690252586993354
17-19,0.8063132115054288
17-20,0.8417193955115773
17-21,0.7988509209874558
17-22,0.7636182294425877
17-23,0.7356421925054721
17-24,0.7146157230049893
17-25,0.7003018745870646
17-26,0.6925316717129735
17-27,0.6912031880813292
17-28,0.6962808434696413
17-29,0.7077949598312067
17-30,0.7258421441014795
17-31,0.7505857758404451
17-32,0.7822571389087827
17-33,0.8211572311839272
17-34,0.8627221334466798
17-35,0.8737048512948751
17-36,0.8851726416077883
17-37,0.8367402320470965
17-38,0.7980666620605128
17-39,0.7687899054705778
17-40,0.7486371200580633
17-41,0.7374223990562554
17-42,0.7350458850692856
17-43,0.7414929314347738
17-44,0.7568338995979875
17-45,0.7812246386729309
17-46,0.8149078397460531
17-47,0.8582146549246121
17-48,0.9115666425895876
17-49,0.9133504122703089
17-50,0.869230048042607
17-51,0.8425620510767344
17-52,0.8328882504532131
17-53,0.8400007985332885
17-54,0.8639400713002383
18-0,0.6031956791444266
18-1,0.6013073073802313
18-2,0.6025514057633814
18-3,0.6068979562004948
18-4,0.6143425719220186
18-5,0.6249066646640111
18-6,0.6386375579275096
18-7,0.6556083175778047
18-8,0.6759188006668362
18-9,0.699695813679273
18-10,0.7270942946238728
18-11,0.7582978502779978
18-12,0.793520492642716
18-13,0.8330074818265492
18-14,0.877037401042378
18-15,0.9259237239514111
18-16,0.9123368548374021
18-17,0.9005239886410896
18-18,0.8982828237255149
18-19,0.8938376344382103
18-20,0.8505407293216951
18-21,0.815019810419398
18-22,0.7868668319377796
18-23,0.7657582179560107
18-24,0.7514529462786562
18-25,0.7437906783782303
18-26,0.742690578615329
18-27,0.7481507538133576
18-28,0.7602483563778362
18-29,0.7791400899902754
18-30,0.8050633453977982
18-31,0.8383377800670431
18-32,0.8793678289324796
18-33,0.892563963716962
18-34,0.8618766612840548
18-35,0.8429098799930554
18-36,0.8354786988168139
18-37,0.8395160704551976
18-38,0.8550716301592689
18-39,0.8823127423832129
18-40,0.9215254109983895
18-41,0.9731159521519612
18-42,0.9566723983412486
18-43,0.9318405395416713
18-44,0.9349109518120262
18-45,0.9662110756461646
19-0,0.7939623720919187
19-1,0.7707883110201874
19-2,0.7545565168559434
19-3,0.7447960685071883
19-4,0.7412414718255358
19-5,0.7438306159612089
19-6,0.7527044054500545
19-7,0.7682077861326957
19-8,0.7523913945468528
19-9,0.7261294101655071
19-10,0.7054930139253894
19-11,0.6903226293265662
19-12,0.6805003396241309
19-13,0.6759491507088753
19-14,0.67663226951154
19-15,0.6825531342553861
19-16,0.6937552805606939
19-17,0.7103225859535052
19-18,0.7323799265735781
19-19,0.7600941073251464
19-20,0.7936745301997119
19-21,0.8333751817790913
19-22,0.879495936347509
19-23,0.9143942426758256
19-24,0.8922814711279548
19-25,0.8899409125019462
19-26,0.9071094227659235
19-27,0.9440116566476313
19-28,0.9646283738626072
19-29,0.919118621034128
19-30,0.8918429285674427
19-31,0.8823204329798922
19-32,0.8903817863797511
19-33,0.9161654483979587
19-34,0.9601215666895813
19-35,0.9535722294761118
19-36,0.936319912774439
19-37,0.9586504958477196
19-38,0.9362283780035103
19-39,0.9010177280750467
19-40,0.8859707731185045
19-41,0.8655307300755689
19-42,0.8190804212839278
19-43,0.7814364963610543
19-44,0.7521609247922174
19-45,0.7308667833791681
19-46,0.7172158801377464
20-0,0.6035299258306867
20-1,0.6070014630647638
20-2,0.6159934541419997
20-3,0.630659857366018
20-4,0.6511839535553301
20-5,0.6777799604169406
20-6,0.7106941357007677
20-7,0.7502070594832015
20-8,0.7369720990996222
20-9,0.7032743250703075
20-10,0.6741054029227707
20-11,0.6492390906495731
20-12,0.628483251815941
20-13,0.6116785027406813
20-14,0.5986971844649893
20-15,0.5894426022846688
20-16,0.5838483633572755
20-17,0.5818777464886609
20-18,0.5835237346498856
20-19,0.5888088030725853
20-20,0.597785200184717
20-21,0.6105351669740463
20-22,0.6271716363624336
20-23,0.6478389659747923
20-24,0.6727138932780972
20-25,0.7020067206601845
20-26,0.7359628693092379
20-27,0.774864422360857
20-28,0.8190319733100211
20-29,0.8238867870693829
20-30,0.8126260222564832
20-31,0.8171778726288965
20-32,0.8376052102374711
20-33,0.839354308349431
20-34,0.830350945504819
20-35,0.8329288754801057
20-36,0.8473191560793276
20-37,0.8738608267814577
20-38,0.9026155988410342
20-39,0.8515078338352333
20-40,0.813720094490174
20-41,0.7883045481208157
20-42,0.7746969619097763
20-43,0.7727123859256592
20-44,0.776199255407941
20-45,0.7668827264787037
20-46,0.7555352077121313
20-47,0.7520958946552591
20-48,0.7630337623451319
20-49,0.7451158522285408
20-50,0.7160873518565327
20-51,0.693009808339029
20-52,0.6756821690452798
20-53,0.6639537705244339
20-54,0.6577233925503915
20-55,0.6569384812295451
20-56,0.6615947560136031
20-57,0.6717363458631618
20-58,0.6874559741671282
20-59,0.7088955678513031
20-60,0.73624734613387
20-61,0.7697551285602684
20-62,0.8097157356533101
20-63,0.8564814927196125
20-64,0.9104623320257741
20-65,0.9721285168070541
20-66,0.9297264716876017
20-67,0.9199292116256041
20-68,0.9426912648128472
20-69,0.9616068910275164
20-70,0.9138604690516476
20-71,0.882165996331726
21-0,0.5066800685118611
21-1,0.5069398880571667
21-2,0.5096006457556449
21-3,0.5146851497974219
21-4,0.5222307223956483
21-5,0.5322894608754727
21-6,0.5449284814782513
21-7,0.5602304613021925
21-8,0.5782941934883041
21-9,0.5992349988925987
21-10,0.6231856989868959
21-11,0.6502975116993848
21-12,0.6807406480590388
21-13,0.7147058287701513
21-14,0.7524051664609341
21-15,0.744111451113578
21-16,0.7447135065397967
21-17,0.7543403949329254
21-18,0.7732069340445418
21-19,0.7625178211031622
21-20,0.7516045583907751
21-21,0.7501097465760647
21-22,0.7579675710985623
21-23,0.7751745040745746
21-24,0.801789120697024
21-25,0.8379325901495434
21-26,0.7882050087889855
21-27,0.7441348880442027
21-28,0.7053955383029471
21-29,0.6716972044458442
21-30,0.6427852464294815
21-31,0.6184383590502005
21-32,0.5984670344962135
21-33,0.582712391044339
21-34,0.5710451841774895
21-35,0.5633646230821182
21-36,0.5595981194529482
21-37,0.5597003940825225
21-38,0.5636533819631553
21-39,0.5714659966768139
21-40,0.5831741489340397
21-41,0.5988411243007313
21-42,0.6185576571943354
21-43,0.6424428375315048
21-44,0.6706445028022721
21-45,0.7033406134377689
21-46,0.74073991073831
21-47,0.7177578712212745
21-48,0.6920011914691737
21-49,0.670496253187731
21-50,0.6530647023245074
21-51,0.6395589686920902
21-52,0.6298617468910264
21-53,0.6238844401449916
21-54,0.6215673507069779
21-55,0.6228785998818092
21-56,0.6278144122895395
21-57,0.6363986411069988
21-58,0.6486832075561206
21-59,0.6647483680467685
21-60,0.6847031253836916
21-61,0.7086861080780436
22-0,0.8362366891809826
22-1,0.7995045548017983
22-2,0.7752289730120772
23-0,0.8726974819123978
23-1,0.8454489138469501
23-2,0.8293761539946383
23-3,0.8245047299721877
23-4,0.8309164980177352
23-5,0.8487509490434568
23-6,0.8782060583604514
23-7,0.9195393778159346
23-8,0.9611230373240327
23-9,0.907822710905333
23-10,0.8670120599924527
23-11,0.838300623774922
23-12,0.821401089732906
23-13,0.8161258655030168
23-14,0.8223863748981622
23-15,0.8401923776569449
23-16,0.8696519731858463
23-17,0.8902540000101581
23-18,0.8361064887560887
23-19,0.7872121772585926
23-20,0.7432357475731317
23-21,0.7038750095250514
23-22,0.6688589689087474
23-23,0.6379462510455651
23-24,0.6109229394200814
23-25,0.5876021383239767
23-26,0.567821654132713
23-27,0.5514438169662644
23-28,0.5383540492302654
23-29,0.5284604559114925
23-30,0.5216929891325015
23-31,0.5180032021355464
23-32,0.5173635278810097
23-33,0.5197675957965435
23-34,0.5252299846892694
23-35,0.5337860878067954
23-36,0.5454928197857605
23-37,0.560428512948566
23-38,0.5786935858261392
23-39,0.6004114633499722
23-40,0.6257288836984176
23-41,0.6548173426474619
23-42,0.6878738717358134
23-43,0.725122233627026
23-44,0.7668149612819779
23-45,0.8132343171520662
23-46,0.8646943775086959
23-47,0.9215433230686565
23-48,0.9180225115456482
23-49,0.8933269609554411
24-0,0.9883496512690797
24-1,0.9500422158031667
24-2,0.9440697780454728
24-3,0.9704593455299055
24-4,0.9371463835388267
24-5,0.9189974419023919
24-6,0.9253635601800286
24-7,0.9564661546457613
24-8,0.9443162828856544
24-9,0.9104218793341211
24-10,0.9000628698275541
24-11,0.9131463833974198
24-12,0.9000989453005332
24-13,0.8699003774944145
24-14,0.8534670653223425
24-15,0.8505864730224457
24-16,0.8249101073695079
24-17,0.7820943038541979
24-18,0.7443880471746963
24-19,0.7114795703802181
24-20,0.6830956787346869
24-21,0.6589995200282515
24-22,0.6389890606224624
24-23,0.6228958363598299
24-24,0.6105836493046879
24-25,0.6019476343739226
24-26,0.5969138542919917
24-27,0.5954383277129788
24-28,0.5975071457246124
24-29,0.6031360406272062
24-30,0.6123708162842632
24-31,0.625287363168467
24-32,0.6419922860902612
24-33,0.6626237204797987
24-34,0.6873521225454778
24-35,0.7163814947124068
24-36,0.7499507864010554
24-37,0.788335451993988
24-38,0.8318492249514176
24-39,0.8808465598477518
24-40,0.9245043635002981
24-41,0.8736388174178873
24-42,0.8291344925155008
24-43,0.7905411510467848
24-44,0.7574688529947653
24-45,0.7295854442030915
24-46,0.7066139050942951
24-47,0.6883308915155633
24-48,0.674564802191019
24-49,0.6651945518136754
24-50,0.6601491190470643
24-51,0.6594068685442582
25-0,0.7745554035118191
25-1,0.7348797984012053
25-2,0.6999084908004556
25-3,0.6694443759121349
25-4,0.6433152552479275
25-5,0.6213730818635519
25-6,0.6034926706490824
25-7,0.5895712310722862
25-8,0.5795276138519095
25-9,0.5733017437405883
25-10,0.5708543167970382
25-11,0.5721665741949622
25-12,0.5772400233024515
25-13,0.5860968004026936
25-14,0.5987791768534306
25-15,0.6153504235978406
25-16,0.6358949387919677
25-17,0.6605186303022803
25-18,0.6554523880002614
25-19,0.6316779058752255
25-20,0.611584693953378
25-21,0.5950655616737031
25-22,0.5820384272843588
25-23,0.5724457559934475
25-24,0.5662542579022222
25-25,0.563454809296243
25-26,0.5640622300766854
25-27,0.5681156784764023
25-28,0.5756787582591425
25-29,0.586840078626747
25-30,0.601713888993807
25-31,0.6204409482246778
25-32,0.6431892199004108
25-33,0.6701554008127892
25-34,0.7015660076204389
25-35,0.7376790022840773
25-36,0.778785505011864
25-37,0.8252117594041128
25-38,0.8773213789742422
25-39,0.9034597602803311
25-40,0.9154602941005391
25-41,0.9065543475853142
25-42,0.8553036389834491
25-43,0.8100664438890602
25-44,0.7704171730119243
25-45,0.7359814639104721
25-46,0.7064330550134681
25-47,0.6814918872478162
25-48,0.6609220862097255
25-49,0.6445301454780608
25-50,0.632163852489618
25-51,0.6237111103922904
25-52,0.6190990408476064
25-53,0.6182937596807837
26-0,0.886033801375995
26-1,0.9014329389954401
26-2,0.9367666352762585
26-3,0.8986441122032465
26-4,0.8845983256469
26-5,0.8946918050846149
26-6,0.9292907483128969
26-7,0.9107538256744838
26-8,0.8749628483864881
26-9,0.8536214451440092
26-10,0.8465807713061624
26-11,0.853805791123359
26-12,0.8753744115141048
26-13,0.9114782783194006
26-14,0.9317271561532994
26-15,0.9363925090503669
26-16,0.966364380716249
26-17,0.9210472856695027
26-18,0.9012881100167376
26-19,0.8995548967054479
26-20,0.8480492958759883
26-21,0.8036224908748915
26-22,0.7658574924035619
26-23,0.7343919117358377
26-24,0.7089154402730204
26-25,0.6891677427372485
26-26,0.6749365598641298
26-27,0.6660562068339524
26-28,0.6624065660916981
26-29,0.6639119858065745
26-30,0.6705408462133036
26-31,0.6823052540920375
26-32,0.6992610622717321
26-33,0.6892850065825367
26-34,0.6624838468803032
26-35,0.6400020745005155
26-36,0.6216785488843265
26-37,0.6073831566832738
26-38,0.5970157115463872
26-39,0.5905055076469551
26-40,0.5878108054105359
26-41,0.5889185118934889
26-42,0.5938440762264843
26-43,0.6026317833625958
26-44,0.6153547876029076
26-45,0.6321159723248109
26-46,0.6530481146976281
26-47,0.6783153942319571
26-48,0.7081140336872478
26-49,0.7426737384698157
26-50,0.7822593542821579
26-51,0.8271724581185984
26-52,0.8777534219299945
27-0,0.8688019566535088
27-1,0.8695181999636226
27-2,0.8562198241156935
27-3,0.8625134774394101
27-4,0.8882396220434278
27-5,0.9019738980406365
27-6,0.8560478502884009
27-7,0.8225237194304182
27-8,0.8008365974151547
27-9,0.7905214581576419
27-10,0.7472608996919532
27-11,0.7085404455853592
27-12,0.6740701720159488
27-13,0.6435915517194069
27-14,0.6168759868390932
27-15,0.5937232429484095
27-16,0.57395999971381
27-17,0.5574388432367933
27-18,0.5440372247089559
27-19,0.5336566559921776
27-20,0.5262220412199283
27-21,0.5216812105327429
27-22,0.5200045939052651
27-23,0.5211849546901651
27-24,0.5252374434447744
27-25,0.5321996158069432
27-26,0.5421318122812367
27-27,0.5551174232036235
27-28,0.5712635869873711
27-29,0.5907018042327463
27-30,0.6135888794106498
27-31,0.6401080242870085
27-32,0.6704699948238295
27-33,0.7049145562062091
27-34,0.7130459496925994
27-35,0.7280129044016429
27-36,0.7499066358434573
27-37,0.7789053228647445
27-38,0.8152754309372711
27-39,0.8287068879991615
27-40,0.804893887811369
27-41,0.789953980505252
27-42,0.7837038442407658
27-43,0.7860777124729018
27-44,0.7971267310007368
27-45,0.8170196835242292
27-46,0.8460440446277379
27-47,0.8846078843166667
27-48,0.8938703645428232
27-49,0.8547711190022931
27-50,0.8261880056146127
27-51,0.8078258679153809
27-52,0.799495072054845
27-53,0.8011097284144473
27-54,0.8126875237088595
27-55,0.83434974276744
27-56,0.8663218913750527
27-57,0.9089355043057508
27-58,0.9206341581802455
28-0,0.6951241340415414
28-1,0.6619268480637037
28-2,0.631545998834769
28-3,0.6038361854569546
28-4,0.5786662632484727
28-5,0.5559186883737433
28-6,0.5354887257505057
28-7,0.5172839350161519
28-8,0.5012234815946165
28-9,0.4872378454538239
28-10,0.47526844582448224
28-11,0.4652671035810817
28-12,0.4571960246637383
28-13,0.4510273896155619
28-14,0.4467434159472018
28-15,0.444336078668922
28-16,0.4438072429513161
28-17,0.4451686360905017
28-18,0.44844195537457016
28-19,0.45365902896526544
28-20,0.4608620113690214
28-21,0.47010378075184844
28-22,0.48144810204056143
28-23,0.4949701932003773
28-24,0.510757162499374
28-25,0.5289085674472936
28-26,0.5495369833498381
28-27,0.5727689050968164
28-28,0.5987452884461273
28-29,0.6276226958033346
28-30,0.6595741238211892
28-31,0.6947900309226399
28-32,0.7334797932051285
28-33,0.7758728308735402
28-34,0.8038591124674309
28-35,0.8006072403341402
28-36,0.8131458401450026
28-37,0.841750999043844
28-38,0.8608425587120944
28-39,0.8361320792660493
28-40,0.8280926923664624
28-41,0.8370495787016591
28-42,0.8284476652497952
28-43,0.7937871315080247
28-44,0.7653162980965915
28-45,0.7428425022771503
28-46,0.7262062789673238
28-47,0.7152802673711409
28-48,0.7099682213911431
28-49,0.7102044051872191
28-50,0.715953362864285
28-51,0.7272091684813946
29-0,0.9547229004389002
29-1,0.9389126933822087
29-2,0.9571318430240612
29-3,0.9291922201901889
29-4,0.9079739188767029
29-5,0.8970745006642102
29-6,0.853849060743233
29-7,0.8116245004073255
29-8,0.7749477908267172
29-9,0.7435408481685027
29-10,0.7171645187926667
29-11,0.6956169566327984
29-12,0.6787323871143081
29-13,0.6663799009872678
29-14,0.658462666515564
29-15,0.6549171587312584
29-16,0.655712880538637
29-17,0.6608520712838006
29-18,0.6703696896866247
29-19,0.6843337392584348
29-20,0.7028456142011897
29-21,0.7260407880979511
29-22,0.7540898064782946
29-23,0.7821927396865138
29-24,0.7839082259727792
29-25,0.796591839656064
30-0,0.3295568006134385
30-1,0.3295568006134385
31-0,0.9339547253680268
31-1,0.9339547253680268
32-0,0.4104246525740132
32-1,0.4104246525740132
