"","chr1","chr2","pos1f","pos2f","lod.full","lod.fv1","lod.int","pos1a","pos2a","lod.add","lod.av1"
"1","1","1",84.592868387488,401.700994945382,16.6740803107186,7.78492630433175,1.11943264410547,84.236007682282,401.700994945382,15.5546476666132,6.66549366022628
"2","1","2",100.735486210261,330.861326047192,18.4362223518838,9.54706834549688,6.9491370868418,84.236007682282,216.055715521206,11.487085265042,2.59793125865508
"3","1","3",84.236007682282,66.0680024550699,14.7800997669474,5.8909457605605,3.65082342605092,84.236007682282,141.665070511376,11.1292763408965,2.24012233450958
"4","1","4",81.583015058808,49.5186097372374,16.6597728913366,7.77061888494973,0.400086626788834,84.236007682282,49.5186097372374,16.2596862645478,7.37053225816089
"5","1","5",100.735486210261,148.482241394528,13.5765950338973,4.68744102751043,2.09200326044083,84.236007682282,149.132763390835,11.4845917734565,2.5954377670696
"6","1","6",91.790054752041,8.38018575522836,15.9362043237361,7.0470503173492,2.86163064656466,84.236007682282,78.1243976157325,13.0745736771714,4.18541967078454
"7","1","7",91.790054752041,50.225426723185,25.4955394484296,11.2336600687941,2.93451328934498,84.236007682282,50.225426723185,22.5610261590846,8.29914677944907
"8","1","8",81.583015058808,21.6807914697111,15.707028609997,6.81787460361011,3.72494437299429,84.236007682282,91.1674470928609,11.9820842370027,3.09293023061582
"9","1","9",84.236007682282,0,15.0125276347335,6.1233736283466,2.85262553928624,84.236007682282,0.68513278161839,12.1599020954473,3.27074808906036
"10","1","10",84.236007682282,0,13.1410255353348,4.25187152894796,0.946245911005462,84.236007682282,20.4872456682726,12.1947796243294,3.3056256179425
"11","1","11",84.236007682282,4.06193549259627,11.7485090571427,2.85935505075577,0.951693992488799,84.236007682282,35.2493326280675,10.7968150646539,1.90766105826697
"12","1","12",81.583015058808,15.8244650775826,14.0881623790701,5.19900837268324,2.40934484522586,84.236007682282,7.49786277032998,11.6788175338443,2.78966352745738
"13","1","13",84.236007682282,4.30441743466859,14.4962680507251,5.60711404433823,0.721627213137253,84.236007682282,4.30441743466859,13.7746408375879,4.88548683120098
"14","1","14",95.2146055162925,22.8864186566268,13.0250987495074,4.13594474312049,1.51975078168289,84.236007682282,32.0992015398057,11.5053479678245,2.6161939614376
"15","1","15",84.592868387488,0,13.6115194941613,4.72236548777437,3.08035030838801,84.236007682282,0,10.5311691857733,1.64201517938636
"16","1","16",100.735486210261,8.95411126797338,13.3286097988166,4.43945579242973,0.97956190464356,84.236007682282,8.95411126797338,12.3490478941731,3.45989388778617
"17","1","17",84.236007682282,0,10.4192106181017,1.53005661171483,0.626284003679757,84.236007682282,0,9.79292661442196,0.903772608035069
"18","1","18",84.592868387488,3.00000008468766e-07,10.755848456638,1.86669445025109,0.976479944532912,84.236007682282,0,9.77936851210507,0.890214505718177
"19","1","19",84.236007682282,3.00000008468766e-07,10.5507468077267,1.66159280133979,0.10983793012565,84.236007682282,3.00000008468766e-07,10.440908877601,1.55175487121414
"20","1","20",84.236007682282,13.5883966997588,13.3558125053478,4.4666584989609,2.87030953629983,84.236007682282,3.00000008468766e-07,10.485502969048,1.59634896266107
"21","1","21",84.236007682282,1.00000002822922e-07,12.7383918760479,3.84923786966101,1.4131246119141,84.236007682282,3.0668063178386,11.3252672641338,2.43611325774691
"22","1","22",84.236007682282,0,11.3395166879964,2.45036268160948,1.78269515526517,84.236007682282,0.495160861008772,9.55682153273119,0.667667526344303
"23","1","23",91.790054752041,0,12.5243757094759,3.63522170308897,1.12862850835154,84.236007682282,0,11.3957472011243,2.50659319473743
"24","1","24",100.735486210261,0,10.5857185549685,1.69656454858159,1.20380812150142,84.236007682282,0,9.38191043346706,0.492756427080167
"25","1","25",84.236007682282,0,11.2273785153393,2.33822450895241,1.70871035083837,84.236007682282,0,9.51866816450092,0.629514158114034
"26","1","26",81.583015058808,3.00000008468766e-07,11.4262488333425,2.53709482695558,0.53442307809928,84.236007682282,3.00000008468766e-07,10.8918257552432,2.0026717488563
"27","1","27",91.790054752041,6.00000016937532e-07,13.2056670694346,4.31651306304775,1.05844428818273,84.236007682282,6.00000016937532e-07,12.1472227812519,3.25806877486502
"28","1","28",84.592868387488,0,12.3339087800596,3.44475477367268,1.46581463398434,84.236007682282,6.00000016937532e-07,10.8680941460752,1.97894013968835
"29","1","29",91.790054752041,5.0000001411461e-07,14.3237582022612,5.43460419587427,2.77073372129598,84.236007682282,5.0000001411461e-07,11.5530244809652,2.66387047457829
"30","1","30",84.236007682282,0,12.3313185695642,3.44216456317736,1.25972976415687,84.236007682282,0,11.0715888054074,2.18243479902048
"31","2","2",58.1609598770538,67.8510192903773,8.2957062483074,5.15344490902498,2.90590186174813,212.766830282435,327.259958763395,5.38980438655926,2.24754304727685
"32","2","3",250.138118666568,152.364362102071,9.06989524122764,5.92763390194523,3.16395950059814,327.259958763395,141.665070511376,5.9059357406295,2.76367440134709
"33","2","4",220.644009895763,48.4255574384716,12.910705911685,4.99354348065572,2.07482307923419,327.259958763395,49.5186097372374,10.8358828324508,2.91872040142152
"34","2","5",321.334157441859,135.035119224339,11.3512889254071,8.20902758612465,5.90281092548867,327.259959263586,149.132763390835,5.4484779999184,2.30621666063598
"35","2","6",57.2847811077319,8.38018575522836,9.70606498265624,5.20353552419692,2.15767527492426,327.259958763395,78.1243976157325,7.54838970773199,3.04586024927266
"36","2","7",220.644009895763,50.225426723185,19.8263354813625,5.56445610172705,1.18944429430121,327.259958763395,50.225426723185,18.6368911870613,4.37501180742584
"37","2","8",327.259958763395,29.6752777525379,9.62073385003168,6.47847251074927,3.67823234086427,327.259958763395,21.6807914697111,5.94250150916741,2.800240169885
"38","2","9",212.766830282435,0,7.60024134202831,3.91874735558667,0.72532540337852,327.259958763395,0.68513278161839,6.87491593864979,3.19342195220815
"39","2","10",327.259959263586,19.9862166452117,8.37115315154915,4.70415398364094,1.57734194123259,327.259959263586,20.4872456682726,6.79381121031656,3.12681204240835
"40","2","11",212.332652459179,35.3218047042875,8.31603781589729,5.17377647661488,3.23156117368853,327.259958763395,35.2493326280675,5.08447664220876,1.94221530292634
"41","2","12",237.545619953834,7.49786277032998,7.44461902056719,4.30235768128478,1.70285235866868,327.259958763395,7.49786277032998,5.74176666189851,2.5995053226161
"42","2","13",216.055715521206,9.86922666545393,10.7158652132239,5.52268784748776,2.41662844706661,327.259958763395,4.30441743466859,8.29923676615726,3.10605940042115
"43","2","14",327.259959263586,27.2740707007264,7.49854528105243,4.35628394177002,1.29657531761586,327.259958763395,22.8864186566268,6.20196996343657,3.05970862415415
"44","2","15",331.318305148727,1.00000002822922e-07,7.58979251104392,4.44753117176151,2.77626212030009,327.259959263586,0,4.81353039074384,1.67126905146142
"45","2","16",327.259959263586,8.95411126797338,7.85754653414551,4.45823508352441,1.21234600540447,327.259958763395,8.95411126797338,6.64520052874104,3.24588907811994
"46","2","17",327.259959263586,0,6.82819583386845,3.68593449458604,2.50930228318794,327.259959263586,0,4.31889355068051,1.1766322113981
"47","2","18",327.259959263586,0,5.35999201630875,2.21773067702634,1.1348600324236,327.259958763395,0,4.22513198388515,1.08287064460274
"48","2","19",206.82933260754,6.79620036821963,6.78394116709751,3.6416798278151,2.14841965355117,327.259958763395,3.00000008468766e-07,4.63552151354634,1.49326017426392
"49","2","20",216.055715521206,0,8.93860877848965,5.79634743920724,4.14849211885121,327.259958763395,3.00000008468766e-07,4.79011665963844,1.64785532035603
"50","2","21",327.259959263586,3.0668063178386,7.84584736453144,4.70358602524902,2.02450281432175,327.259958763395,3.0668063178386,5.82134455020969,2.67908321092727
"51","2","22",208.563681721531,0.495160861008772,6.20741359412204,3.06515225483963,2.14091110348636,327.259958763395,0.495160861008772,4.06650249063568,0.924241151353272
"52","2","23",216.055715521206,0,6.95133746769534,3.80907612841293,1.18268854745111,327.259958763395,0,5.76864892024423,2.62638758096182
"53","2","24",216.055715521206,0,7.02415607908733,3.88189473980492,3.44468291168414,327.259958763395,0,3.57947316740319,0.43721182812078
"54","2","25",57.2847811077319,0,6.19851423621731,3.05625289693489,2.26967962769049,327.259958763395,0,3.92883460852681,0.7865732692444
"55","2","26",220.644009895763,3.00000008468766e-07,6.3702180338787,3.22795669459629,1.48074776173962,327.259958763395,3.00000008468766e-07,4.88947027213908,1.74720893285667
"56","2","27",216.055715521206,6.00000016937532e-07,8.42746475686909,5.13402112089534,2.20539145463954,327.259958763395,6.00000016937532e-07,6.22207330222955,2.9286296662558
"57","2","28",327.259958763395,2.00000005645844e-07,6.15025575794243,3.00799441866002,0.736464724641337,327.259958763395,6.00000016937532e-07,5.4137910333011,2.27152969401868
"58","2","29",22.5432532646619,2.00000005645844e-07,6.82315746133463,3.68089612205222,1.17499438764935,327.259958763395,5.0000001411461e-07,5.64816307368528,2.50590173440287
"59","2","30",211.957682375372,0,7.22756319855034,4.08530185926793,1.5427335266595,327.259958763395,0,5.68482967189084,2.54256833260843
"60","3","3",57.7583410361628,66.0680024550699,7.51755378596863,4.9036865174694,2.52036026191854,55.326788165287,141.665070511376,4.99719352405009,2.38332625555086
"61","3","4",55.326788165287,49.5186097372374,13.123247419684,5.20608498865477,2.46883530594459,141.665070511376,49.5186097372374,10.6544121137395,2.73724968271017
"62","3","5",55.326788165287,135.035119224339,8.614747019481,6.00087975098177,3.58333051137743,141.665070511376,149.132763390835,5.03141650810358,2.41754923960434
"63","3","6",55.326788165287,78.1243976157325,7.99505011688416,3.49252065842484,1.11468262787093,141.665070511376,78.1243976157325,6.88036748901322,2.3778380305539
"64","3","7",66.6367610656186,50.225426723185,18.8981231327798,4.6362437531443,2.28223264196822,55.326788165287,50.225426723185,16.6158904908116,2.35401111117608
"65","3","8",55.326788165287,46.2772455738826,8.14956820709995,5.07754660828141,2.40835031127972,141.665070511376,91.1674470928609,5.74121789582023,2.66919629700169
"66","3","9",66.0680024550699,0.68513278161839,7.39166553674113,3.71017155029949,1.04990181969333,141.665070511376,0.68513278161839,6.3417637170478,2.66026973060616
"67","3","10",189.774162706846,27.5304722913621,7.60953311478988,3.94253394688167,1.35538143918529,55.326788165287,20.4872456682726,6.25415167560459,2.58715250769637
"68","3","11",55.326788165287,17.015421307481,6.12615664414079,3.51228937564156,1.62347511662665,141.665070511376,35.2493326280675,4.50268152751414,1.88881425901491
"69","3","12",141.665070511376,23.9932840148202,6.24986072362117,3.51603722759864,1.1727873681084,55.326788165287,7.49786277032998,5.07707335551277,2.34324985949024
"70","3","13",141.665070511376,3.57058480182292,9.62829872857037,4.43512136283425,1.97526152514365,141.665070511376,4.30441743466859,7.65303720342672,2.4598598376906
"71","3","14",0,32.0992015398057,7.45216806499775,4.45937380973555,1.67525428711451,141.665070511376,22.8864186566268,5.77691377788324,2.78411952262104
"72","3","15",52.5790596770828,0,6.54891747108923,3.93505020258999,2.36405227333125,141.665070511376,0,4.18486519775797,1.57099792925874
"73","3","16",55.326788165287,3.0197413694112,8.67086487397864,5.27155342335755,2.69369088461644,141.665070511376,8.95411126797338,5.9771739893622,2.5778625387411
"74","3","17",55.326788165287,0,4.20034848499017,1.58648121649094,0.34905862006417,141.665070511376,0,3.851289864926,1.23742259642677
"75","3","18",141.665070511376,0,4.7905759766054,2.17670870810616,1.08840954820698,141.665070511376,0,3.70216642839841,1.08829915989918
"76","3","19",66.0680024550699,3.00000008468766e-07,7.28907361147503,4.6752063429758,3.12958490029268,55.326788165287,3.00000008468766e-07,4.15948871118235,1.54562144268311
"77","3","20",136.218228336434,3.00000008468766e-07,4.78845089098832,2.17458362248908,0.667145983537921,141.665070511376,3.00000008468766e-07,4.12130490745039,1.50743763895116
"78","3","21",141.665070511376,3.0668063178386,7.1978466856217,4.33503609370382,1.70925710693882,141.665070511376,3.0668063178386,5.48858957868288,2.625778986765
"79","3","22",66.6367610656186,0.495160861008772,5.10462186147925,2.49075459298001,1.53436715278258,141.665070511376,0.495160861008772,3.57025470869667,0.956387440197432
"80","3","23",55.326788165287,2.00000005645844e-07,6.79258106461566,4.16927936407956,1.71016804811006,141.665070511376,0,5.0824130165056,2.45911131596949
"81","3","24",66.6367610656186,0,4.5687061334138,1.95483886491456,1.39345200414391,141.665070511376,0,3.17525412926989,0.561386860770654
"82","3","25",141.665070511376,0,6.01847563842057,3.40460836992133,2.64132927327046,141.665070511376,0,3.37714636515011,0.763279096650876
"83","3","26",46.3428689328512,3.00000008468766e-07,5.74960098961856,3.13573372111932,1.31935997652181,55.326788165287,3.00000008468766e-07,4.43024101309675,1.81637374459751
"84","3","27",8.2829585411961,6.00000016937532e-07,6.485446705914,3.19200306994026,0.626006824038996,141.665070511376,6.00000016937532e-07,5.85943988187501,2.56599624590126
"85","3","28",129.825399200332,0,6.88946890754414,4.27560163904491,2.04453555004875,141.665070511376,6.00000016937532e-07,4.84493335749539,2.23106608899616
"86","3","29",141.665070511376,5.0000001411461e-07,6.43337494273328,3.65911687226799,1.231404700864,141.665070511376,5.0000001411461e-07,5.20197024186928,2.42771217140398
"87","3","30",141.665070511376,0,6.07264491433125,3.45877764583201,1.19207648446354,141.665070511376,0,4.88056842986771,2.26670116136847
"88","4","4",49.5186097372374,102.471283586656,17.8184744853061,9.90131205427679,7.1423029024736,53.4508300894509,62.2676489540195,10.6761715828325,2.75900915180318
"89","4","5",48.4255574384716,135.035119224339,12.8025488577186,4.88538642668937,2.11990133939253,49.5186097372374,149.268220669537,10.6826475183261,2.76548508729684
"90","4","6",49.5186097372374,78.6607967010315,15.1530181020098,7.23585567098053,2.53616911953213,49.5186097372374,78.1243976157325,12.6168489824777,4.69968655144839
"91","4","7",49.5186097372374,50.225426723185,23.1339969479359,8.87211756830038,1.09046619972833,49.5186097372374,50.225426723185,22.0435307482076,7.78165136857206
"92","4","8",48.4255574384716,91.1674470928609,12.6159194171269,4.69875698609758,1.40919649310308,49.5186097372374,21.6807914697111,11.2067229240238,3.2895604929945
"93","4","9",49.5186097372374,0,12.0028442640596,4.08568183303032,0.649995378083986,49.5186097372374,0.68513278161839,11.3528488859756,3.43568645494634
"94","4","10",49.5186097372374,10.3351703245645,12.7335299445422,4.81636751351289,1.57879991917798,49.5186097372374,20.4872456682726,11.1547300253642,3.23756759433491
"95","4","11",49.5186097372374,35.2493326280675,10.4128261146798,2.49566368365049,0.894700181308508,49.5186097372374,35.2493326280675,9.51812593337127,1.60096350234198
"96","4","12",49.5186097372374,7.49786277032998,11.4504860112738,3.53332358024454,0.519848125915814,49.5186097372374,7.49786277032998,10.930637885358,3.01347545432873
"97","4","13",53.4508300894509,4.30441743466859,12.6409465777015,4.72378414667219,0.346910524966006,49.5186097372374,4.30441743466859,12.2940360527355,4.37687362170618
"98","4","14",49.5186097372374,22.8864186566268,10.7115774706526,2.79441503962335,0.326511301624123,49.5186097372374,32.0992015398057,10.3850661690285,2.46790373799922
"99","4","15",48.4255574384716,0,10.9282988148807,3.01113638385141,1.17775199997777,49.5186097372374,0,9.75054681490292,1.83338438387364
"100","4","16",49.5186097372374,3.0197413694112,13.321742216609,5.4045797855797,2.11328135015538,49.5186097372374,8.95411126797338,11.2084608664536,3.29129843542432
"101","4","17",49.5186097372374,9.99254173740987,10.5979153243134,2.68075289328408,1.47933868930704,49.5186097372374,0,9.11857663500632,1.20141420397704
"102","4","18",53.4508300894509,0,10.3674018368474,2.45023940581814,1.34266708000359,49.5186097372374,0,9.02473475684383,1.10757232581454
"103","4","19",53.4508300894509,4.94600245472705,10.5783658880391,2.66120345700983,1.33177623764277,49.5186097372374,3.00000008468766e-07,9.24658965039634,1.32942721936706
"104","4","20",48.4255574384716,0.775760650034489,10.9218093578293,3.00464692679998,1.23574701770121,49.5186097372374,0,9.68606234012805,1.76889990909876
"105","4","21",49.5186097372374,0,11.788709574821,3.87154714379176,0.834200959143345,49.5186097372374,3.0668063178386,10.9545086156777,3.03734618464841
"106","4","22",49.5186097372374,0.495160861008772,9.53489449967128,1.617732068642,0.806079128988131,49.5186097372374,0.495160861008772,8.72881537068315,0.811652939653868
"107","4","23",49.5186097372374,0,11.4724344360402,3.55527200501092,0.821174866945512,49.5186097372374,0,10.6512595690947,2.73409713806541
"108","4","24",48.4255574384716,0,9.86901172596845,1.95184929493917,1.48707490200832,49.5186097372374,0,8.38193682396013,0.464774392930849
"109","4","25",48.4255574384716,0,9.58462815213534,1.66746572110605,0.962926217698623,49.5186097372374,0,8.62170193443671,0.704539503407432
"110","4","26",49.5186097372374,3.00000008468766e-07,11.3854399426764,3.4682775116471,1.86654295324843,49.5186097372374,3.00000008468766e-07,9.51889698942796,1.60173455839868
"111","4","27",48.4255574384716,6.00000016937532e-07,11.4328643053886,3.51570187435937,0.923334598232032,49.5186097372374,6.00000016937532e-07,10.5095297071566,2.59236727612733
"112","4","28",53.4508300894509,6.00000016937532e-07,11.2971392227682,3.37997679173895,0.902796529218904,49.5186097372374,6.00000016937532e-07,10.3943426935493,2.47718026252005
"113","4","29",53.4508300894509,5.0000001411461e-07,11.8291898836487,3.91202745261944,1.36674533589212,49.5186097372374,5.0000001411461e-07,10.4624445477566,2.54528211672732
"114","4","30",48.4255574384716,0,10.3615112334082,2.44434880237895,0.557231733937442,49.5186097372374,0,9.80427949947079,1.88711706844151
"115","5","5",24.5853292245963,149.268220669537,7.2186235197787,5.07889674775652,3.71551811497739,132.476007294413,132.79672268305,3.50310540480132,1.36337863277913
"116","5","6",88.553990594118,2.90298619301019,10.1939909473313,5.69146148887194,3.23425796740776,149.132763390835,78.1243976157325,6.9597329799235,2.45720352146418
"117","5","7",149.268220669537,50.225426723185,18.5943563509227,4.33247697128718,1.93223966088408,149.132763390835,50.225426723185,16.6621166900386,2.4002373104031
"118","5","8",113.749950990682,30.860734138304,7.33423998747276,4.26221838865422,2.15114058740983,149.132763390835,91.1674470928609,5.18309940006293,2.11107780124439
"119","5","9",149.268220669537,0.68513278161839,8.02843826448589,4.34694427804425,1.92450597466632,149.132763390835,0.68513278161839,6.10393228981957,2.42243830337793
"120","5","10",148.482241394528,27.5304722913621,6.9320181224939,3.26501895458568,1.23317862562908,149.132763390835,20.4872456682726,5.69883949686482,2.0318403289566
"121","5","11",10.6782815389292,1.00742277084793,10.6104932203743,8.47076644835215,6.26943899563412,149.132763390835,35.2493326280675,4.34105422474022,2.20132745271803
"122","5","12",149.132763390835,23.9932837148202,6.31269136792071,3.57886787189818,1.44653017054225,149.132763390835,7.49786277032998,4.86616119737846,2.13233770135594
"123","5","13",169.210341016959,4.30441743466859,11.1606614842985,5.96748411856242,3.34877606044392,149.132763390835,4.30441743466859,7.81188542385462,2.6187080581185
"124","5","14",148.482241394528,32.0992015398057,7.6616241619995,4.6688299067373,2.44948001670309,149.132763390835,22.8864186566268,5.21214414529641,2.21934989003421
"125","5","15",149.268220669537,15.6894387574615,5.26014021089759,3.1204134388754,1.52689814952646,149.132763390835,0,3.73324206137113,1.59351528934894
"126","5","16",170.407159962559,8.95411136797338,8.51316076746116,5.11384931684006,3.01789832286886,149.132763390835,8.95411126797338,5.4952624445923,2.0959509939712
"127","5","17",34.0938848063306,9.99254173740987,4.35689065355473,2.21716388153254,1.02710317951824,149.132763390835,0,3.32978747403649,1.19006070201431
"128","5","18",108.151675491758,0,4.62129925424779,2.4815724822256,1.28441602183375,149.132763390835,0,3.33688323241404,1.19715646039185
"129","5","19",135.035119224339,4.94600245472705,6.47936276840846,4.33963599638628,2.49985530296181,149.132763390835,3.00000008468766e-07,3.97950746544666,1.83978069342447
"130","5","20",142.075799025286,3.00000008468766e-07,7.01668344687641,4.87695667485423,3.20526135463297,149.132763390835,3.00000008468766e-07,3.81142209224345,1.67169532022126
"131","5","21",170.527182599995,3.0668063178386,6.81776545399953,3.95495486208165,1.79760854282358,149.132763390835,3.0668063178386,5.02015691117595,2.15734631925807
"132","5","22",136.062303517763,0,6.29218204404788,4.15245527202569,3.51677552060391,149.132763390835,0.495160861008772,2.77540652344396,0.635679751421776
"133","5","23",123.977194120824,0,5.7038239907688,3.08052229023269,0.900708930383189,149.132763390835,0,4.80311506038561,2.1798133598495
"134","5","24",149.268220669537,6.00000016937532e-07,5.05388302788197,2.91415625585978,2.51609245426698,149.132763390835,0,2.53779057361498,0.398063801592798
"135","5","25",149.132763390835,6.00000016937532e-07,6.41514722565989,4.27542045363771,3.56934578611799,149.132763390835,0,2.8458014395419,0.706074667519715
"136","5","26",142.075799025286,1.00000002822922e-07,5.78188082351153,3.64215405148934,1.86227774336476,149.132763390835,3.00000008468766e-07,3.91960308014677,1.77987630812459
"137","5","27",142.075799025286,6.00000016937532e-07,8.04447848267773,4.75103484670399,2.69298849209372,149.132763390835,6.00000016937532e-07,5.35148999058401,2.05804635461027
"138","5","28",149.268220669537,0,7.09755366644094,4.73916029323118,2.54245659966,149.132763390835,6.00000016937532e-07,4.55509706678095,2.19670369357118
"139","5","29",148.482241394528,5.0000001411461e-07,6.60873825968338,3.83448018921808,1.39141779662532,149.132763390835,5.0000001411461e-07,5.21732046305806,2.44306239259276
"140","5","30",66.9315901406697,2.00000005645844e-07,6.91174594293625,4.46177265004007,2.27275731528425,149.132763390835,0,4.638988627652,2.18901533475582
"141","6","6",66.7256392606214,79.7948722838981,10.148168157526,5.64563869906669,3.19003776480713,0.0295791633150276,78.1243976157325,6.95813039271889,2.45560093425956
"142","6","7",72.5657018706983,50.7127134779651,19.5118361691075,5.24995678947198,0.996576492016175,78.1243976157325,50.225426723185,18.5152596770913,4.25338029745581
"143","6","8",77.0617612100632,91.1674470928609,10.6908850467826,6.18835558832325,2.95718134447998,78.1243976157325,91.1674470928609,7.73370370230259,3.23117424384327
"144","6","9",8.38018575522836,0,10.012886806544,5.51035734808465,1.64839112951813,78.1243976157325,0.68513278161839,8.36449567702584,3.86196621856652
"145","6","10",78.1243976157325,6.71845037970855,8.71823573863003,4.21570628017071,0.699392026761416,78.1243976157325,20.4872456682726,8.01884371186861,3.51631425340929
"146","6","11",79.7948722838981,34.0572474254397,6.95136375653055,2.44883429807123,0.626731263277179,78.1243976157325,35.2493326280675,6.32463249325338,1.82210303479405
"147","6","12",0,11.7331260198979,8.64615941478951,4.14362995633019,1.11928986300518,78.1243976157325,7.49786277032998,7.52686955178433,3.02434009332501
"148","6","13",78.6607967010315,4.30441743466859,10.6183826747729,5.42520530903676,1.14730341199538,78.1243976157325,4.30441743466859,9.47107926277749,4.27790189704137
"149","6","14",78.1243976157325,32.0992012398057,8.46925507507876,3.96672561661944,1.10496427714679,78.1243976157325,22.8864186566268,7.36429079793197,2.86176133947265
"150","6","15",78.1243976157325,0,6.60618006809455,2.10365060963522,0.53241092240205,78.1243976157325,0,6.07376914569249,1.57123968723317
"151","6","16",78.1243976157325,8.95411126797338,8.08470297465647,3.58217351619714,0.0381681449307507,78.1243976157325,8.95411126797338,8.04653482972572,3.54400537126639
"152","6","17",78.1243976157325,0,6.43997778314406,1.93744832468474,0.565495451692186,78.1243976157325,0,5.87448233145187,1.37195287299255
"153","6","18",78.1243976157325,0,6.52462331175047,2.02209385329115,0.762945873939316,78.1243976157325,0,5.76167743781116,1.25914797935184
"154","6","19",0.0295791633150276,4.94600245472705,7.89168535943099,3.38915590097167,1.73888855375299,78.1243976157325,3.00000008468766e-07,6.15279680567801,1.65026734721869
"155","6","20",0.0295791633150276,0.775760650034489,8.25555164955585,3.75302219109653,2.55387465272725,78.1243976157325,3.00000008468766e-07,5.70167699682861,1.19914753836929
"156","6","21",78.1243976157325,3.0668063178386,7.88815112155498,3.38562166309566,0.559180274827668,78.1243976157325,3.0668063178386,7.32897084672732,2.82644138826799
"157","6","22",78.1243976157325,0.495160861008772,6.35663221801769,1.85410275955837,1.03033913504441,78.1243976157325,0.495160861008772,5.32629308297328,0.823763624513958
"158","6","23",78.1243976157325,0,7.16980323796815,2.66727377950883,0.186951688316185,78.1243976157325,0,6.98285154965197,2.48032209119265
"159","6","24",0.0295791633150276,0,6.63887208370761,2.13634262524829,1.72025077152102,78.1243976157325,0,4.91862131218659,0.416091853727266
"160","6","25",78.1243976157325,0,5.65116074095749,1.14863128249817,0.355314590893613,78.1243976157325,0,5.29584615006388,0.793316691604559
"161","6","26",78.1243976157325,3.00000008468766e-07,6.64969149193166,2.14716203347234,0.218758014802006,78.1243976157325,3.00000008468766e-07,6.43093347712966,1.92840401867034
"162","6","27",78.1243976157325,6.00000016937532e-07,8.16433552002309,3.66180606156377,0.2519096122669,78.1243976157325,6.00000016937532e-07,7.91242590775619,3.40989644929687
"163","6","28",81.3442899965733,0,10.2639685878803,5.76143912942098,3.71542079265419,78.1243976157325,6.00000016937532e-07,6.54854779522611,2.04601833676679
"164","6","29",78.1243976157325,5.0000001411461e-07,7.69847963570464,3.19595017724532,0.08139440182822,78.1243976157325,5.0000001411461e-07,7.61708523387642,3.1145557754171
"165","6","30",78.1243976157325,0,7.89444304454446,3.39191358608514,0.79588641641385,78.1243976157325,0,7.09855662813061,2.59602716967129
"166","7","7",19.1113894143559,42.7768420472136,17.1464138255997,2.88453444596416,1.24539310788168,0,50.225426723185,15.901020717718,1.63914133808248
"167","7","8",50.225426723185,91.1674470928609,17.6729084684757,3.41102908884022,0.881911139502336,50.225426723185,91.1674470928609,16.7909973289734,2.52911794933789
"168","7","9",50.7127134779651,0.68513278161839,19.413380320264,5.15150094062847,2.17041719886583,50.225426723185,0.68513278161839,17.2429631213981,2.98108374176263
"169","7","10",50.225426723185,20.4872456682726,18.1864437119257,3.92456433229017,0.598691625931679,50.225426723185,20.4872456682726,17.587752085994,3.3258727063585
"170","7","11",50.7127134779651,33.6223410656713,17.7832082870318,3.52132890739631,1.42229604007844,50.225426723185,35.2493326280675,16.3609122469534,2.09903286731787
"171","7","12",50.225426723185,0.806052715329281,19.1437874438197,4.88190806418424,2.37554787982481,50.225426723185,7.49786277032998,16.7682395639949,2.50636018435944
"172","7","13",50.225426723185,9.86922666545393,19.8319254310718,5.57004605143629,0.530415726334468,50.225426723185,4.30441743466859,19.3015097047373,5.03963032510183
"173","7","14",50.225426723185,32.0992015398057,18.666537739884,4.4046583602485,1.10658885511293,50.225426723185,32.0992012398057,17.5599488847711,3.29806950513557
"174","7","15",50.225426723185,15.6894387574615,16.5549051832822,2.29302580364674,1.08692356491702,50.225426723185,0,15.4679816183652,1.20610223872973
"175","7","16",50.7127134779651,3.0197413694112,17.9710303559859,3.70915097635043,0.377122208232322,50.225426723185,8.95411126797338,17.5939081477536,3.33202876811811
"176","7","17",50.225426723185,0,18.8562477347241,4.59436835508859,3.02630756443432,50.225426723185,0,15.8299401702898,1.56806079065427
"177","7","18",50.225426723185,10.4727134200654,16.9999314700344,2.73805209039892,2.03917041594468,50.225426723185,0,14.9607610540897,0.698881674454242
"178","7","19",50.225426723185,11.4311577291801,17.9879387066321,3.72605932699662,2.24154483361417,50.225426723185,6.79620036821963,15.746393873018,1.48451449338245
"179","7","20",50.225426723185,3.00000008468766e-07,16.7557538620549,2.49387448241941,1.14011720313465,50.225426723185,3.00000008468766e-07,15.6156366589203,1.35375727928476
"180","7","21",50.225426723185,3.0668061178386,17.3354593632939,3.07357998365842,0.360843457219744,50.225426723185,3.0668063178386,16.9746159060742,2.71273652643868
"181","7","22",50.225426723185,0.495160861008772,16.0264276509461,1.76454827131056,1.14288268168639,50.225426723185,0.495160861008772,14.8835449692597,0.621665589624172
"182","7","23",50.225426723185,0,19.7218814660027,5.46000208636724,2.81737990819965,50.225426723185,0,16.9045015578031,2.64262217816758
"183","7","24",50.225426723185,2.00000005645844e-07,15.7404392497047,1.47855987006915,1.20002950636808,50.225426723185,0,14.5404097433366,0.278530363701066
"184","7","25",50.225426723185,2.00000005645844e-07,15.4143915282966,1.15251214866112,0.491863895362258,50.225426723185,0,14.9225276329344,0.660648253298859
"185","7","26",50.225426723185,3.00000008468766e-07,16.2958386770661,2.03395929743056,0.425720270608508,50.225426723185,3.00000008468766e-07,15.8701184064576,1.60823902682205
"186","7","27",50.225426723185,6.00000016937532e-07,18.3693460770064,4.10746669737091,0.601881683216561,50.225426723185,6.00000016937532e-07,17.7674643937899,3.50558501415435
"187","7","28",50.225426723185,0,17.0288306176008,2.76695123796526,0.585160658836685,50.225426723185,6.00000016937532e-07,16.4436699587641,2.18179057912857
"188","7","29",50.225426723185,5.0000001411461e-07,17.3716875654845,3.10980818584903,0.628072165547565,50.225426723185,5.0000001411461e-07,16.743615399937,2.48173602030147
"189","7","30",50.225426723185,0,16.4427743924771,2.18089501284157,0.053920282938634,50.225426723185,0,16.3888541095384,2.12697472990294
"190","8","8",0.935000375766451,18.0428401000024,7.09626775833021,4.02424615951168,1.60073463691333,21.6807914697111,91.1674470928609,5.49553312141688,2.42351152259835
"191","8","9",91.1674470928609,0.68513278161839,9.07487003076312,5.39337604432149,2.41482965865725,91.1674471928609,0.68513278161839,6.66004037210587,2.97854638566423
"192","8","10",59.7349875101776,2.77044279418738,8.18211985076414,4.51512068285592,1.51551897953141,21.6807914697111,20.4872456682726,6.66660087123273,2.99960170332452
"193","8","11",21.6807914697111,35.3218047042875,6.64601249402767,3.57399089520914,1.57981387856853,91.1674470928609,35.2493326280675,5.06619861545914,1.99417701664061
"194","8","12",91.1674470928609,7.49786277032998,7.0747169977767,4.00269539895817,0.996903935219962,91.1674470928609,7.49786277032998,6.07781306255674,3.00579146373821
"195","8","13",21.6807914697111,4.30441743466859,9.77828445070736,4.58510708497124,1.67975053840382,21.6807914697111,4.30441743466859,8.09853391230354,2.90535654656742
"196","8","14",91.1674470928609,32.0992012398057,7.24367285553308,4.17165125671454,0.942417862417642,91.1674470928609,22.8864186566268,6.30125499311544,3.2292333942969
"197","8","15",91.1674470928609,15.6894387574615,6.46332617287226,3.39130457405372,1.74681813234565,91.1674470928609,0,4.71650804052661,1.64448644170807
"198","8","16",21.6807914697111,8.95411126797338,8.73051859642146,5.33120714580036,2.12262894057312,91.1674470928609,8.95411126797338,6.60788965584834,3.20857820522724
"199","8","17",45.8290959866742,0,7.31097890117053,4.23895730235199,3.13845506854705,91.1674470928609,0,4.17252383262348,1.10050223380495
"200","8","18",91.1674470928609,0,5.30045784822687,2.22843624940833,1.05215034498542,91.1674470928609,0,4.24830750324145,1.17628590442291
"201","8","19",18.8470604997185,3.00000008468766e-07,7.45551947405511,4.38349787523657,2.71305797139757,91.1674470928609,6.79620036821963,4.74246150265753,1.670439903839
"202","8","20",91.1674470928609,0,6.93149385506331,3.85947225624477,2.22392571991259,91.1674470928609,3.00000008468766e-07,4.70756813515072,1.63554653633219
"203","8","21",21.6807914697111,3.0668061178386,6.93427876049827,3.86225716167974,1.19602393139576,91.1674470928609,3.0668063178386,5.73825482910252,2.66623323028398
"204","8","22",18.0428401000024,0,6.21187538036611,3.13985378154757,2.40310837811376,21.6807914697111,0.495160861008772,3.80876700225235,0.736745403433815
"205","8","23",21.6807914697111,0,9.22740807772061,6.15538647890207,3.61271343701992,21.6807914697111,0,5.61469464070069,2.54267304188215
"206","8","24",17.0669567902104,6.00000016937532e-07,5.30793342538345,2.23591182656492,1.85706255158402,91.1674470928609,0,3.45087087379943,0.378849274980894
"207","8","25",21.6807914697111,2.00000005645844e-07,4.64166557897079,1.56964398015225,0.734184591421581,91.1674470928609,0,3.90748098754921,0.835459388730669
"208","8","26",91.1674470928609,3.00000008468766e-07,7.35753266906795,4.28551107024941,2.57705910004188,91.1674470928609,3.00000008468766e-07,4.78047356902607,1.70845197020753
"209","8","27",18.8470604997185,6.00000016937532e-07,7.83344939094968,4.54000575497594,1.53645311256332,91.1674470928609,6.00000016937532e-07,6.29699627838636,3.00355264241261
"210","8","28",91.1674470928609,6.00000016937532e-07,5.84594547878078,2.77392387996224,0.541006851381098,91.1674470928609,6.00000016937532e-07,5.30493862739968,2.23291702858114
"211","8","29",21.6807914697111,0,6.54786584753492,3.47584424871638,0.866325153148864,21.6807914697111,5.0000001411461e-07,5.68154069438606,2.60951909556752
"212","8","30",91.1674470928609,0,6.39526900918463,3.32324741036609,0.707932477354916,91.1674470928609,0,5.68733653182971,2.61531493301118
"213","9","9",0,24.3502940017682,6.88721948103739,3.20572549459575,0.966514282315984,0.68513278161839,20.4619330919132,5.92070519872141,2.23921121227977
"214","9","10",0.68513278161839,8.54035886594217,10.9024693567408,7.22097537029913,3.23940734790995,0.68513278161839,20.4872456682726,7.66306200883082,3.98156802238918
"215","9","11",0.68513278161839,35.2493326280675,6.67270974017265,2.99121575373101,1.10640627103021,0.68513278161839,35.2493326280675,5.56630346914244,1.8848094827008
"216","9","12",0.68513278161839,7.49786277032998,7.55171953387253,3.87022554743089,1.01009300338956,0.68513278161839,7.49786277032998,6.54162653048297,2.86013254404133
"217","9","13",0,2.29854015223113,10.902215401451,5.70903803571491,2.06143707890988,0,4.30441743466859,8.84077832254115,3.64760095680504
"218","9","14",0.68513278161839,32.0992015398057,8.64321866915816,4.96172468271652,1.76421875094093,0.68513278161839,32.0992015398057,6.87899991821723,3.19750593177559
"219","9","15",0.68513278161839,0,7.23242222253793,3.5509282360963,2.00458761346272,0.68513278161839,0,5.22783460907522,1.54634062263358
"220","9","16",0.68513278161839,8.95411166797339,8.11010197058567,4.42860798414404,0.800858102440543,0,8.95411126797338,7.30924386814513,3.62774988170349
"221","9","17",0.68513278161839,13.9015112544632,5.56674823320645,1.88525424676482,0.582196864388607,0.68513278161839,0,4.98455136881785,1.30305738237621
"222","9","18",0,1.00000002822922e-07,5.55275233710563,1.87125835066399,0.914064358945325,0.68513278161839,0,4.63868797816031,0.957193991718668
"223","9","19",0,3.00000008468766e-07,5.84962860414817,2.16813461770653,0.664987818438021,0.68513278161839,6.79620036821963,5.18464078571014,1.50314679926851
"224","9","20",0,0.775760650034489,7.20508909315322,3.52359510671158,1.95373700183154,0.68513278161839,3.00000008468766e-07,5.25135209132168,1.56985810488004
"225","9","21",0.68513278161839,3.0668063178386,7.33159130204331,3.65009731560167,0.771128585100087,0.68513278161839,3.0668063178386,6.56046271694322,2.87896873050158
"226","9","22",0.68513278161839,0.495160861008772,6.71225277977464,3.03075879333301,2.48186826526398,0.68513278161839,0.495160861008772,4.23038451451066,0.548890528069023
"227","9","23",5.58876855912637,0,7.22441547768176,3.54292149124012,0.925793395266737,0.68513278161839,0,6.29862208241502,2.61712809597338
"228","9","24",0.68513278161839,0,6.72321678472326,3.04172279828163,2.62604730317435,0.68513278161839,0,4.09716948154892,0.41567549510728
"229","9","25",5.58876855912637,0,5.72682130929206,2.04532732285043,1.30285110503792,0.68513278161839,0,4.42397020425415,0.742476217812509
"230","9","26",0.68513278161839,3.00000008468766e-07,7.57109977927576,3.88960579283412,2.08223147388708,0.68513278161839,3.00000008468766e-07,5.48886830538868,1.80737431894704
"231","9","27",0.68513278161839,6.00000016937532e-07,9.62113758115811,5.93964359471647,2.67518388252392,0.68513278161839,6.00000016937532e-07,6.94595369863418,3.26445971219255
"232","9","28",0,0,7.3910067396173,3.70951275317566,1.33494658049676,0.68513278161839,6.00000016937532e-07,6.05606015912053,2.3745661726789
"233","9","29",0,5.0000001411461e-07,7.69094216483973,4.00944817839809,1.07554702675225,0.68513278161839,5.0000001411461e-07,6.61539513808748,2.93390115164584
"234","9","30",0,0,7.34223421483512,3.66074022839348,1.4322892140317,0.68513278161839,0,5.90994500080342,2.22845101436178
"235","10","10",2.77044279418738,6.29881745646979,10.5052431110853,6.83824394317708,5.21819191265968,20.4872456682726,20.9711678825615,5.28705119842562,1.6200520305174
"236","10","11",20.4872456682726,34.0572474254397,7.0666252140727,3.39962604616449,1.21586850397398,20.4872456682726,35.2493326280675,5.85075671009872,2.18375754219051
"237","10","12",20.4872456682726,7.49786277032998,6.85227603199928,3.18527686409107,0.410677439578649,20.4872456682726,7.49786277032998,6.44159859242063,2.77459942451242
"238","10","13",6.71845047970855,9.86922666545393,11.7977641600064,6.60458679427029,3.19209122829125,20.4872456682726,4.30441743466859,8.60567293171516,3.41249556597904
"239","10","14",23.438991200068,32.0992015398057,8.7329475625811,5.06594839467289,2.37536084091153,20.4872456682726,22.8864186566268,6.35758672166958,2.69058755376136
"240","10","15",20.4872456682726,0,5.50129329716947,1.83429412926125,0.364115654692796,20.4872456682726,0,5.13717764247667,1.47017847456846
"241","10","16",20.4872456682726,8.95411126797338,6.96962199764675,3.30262282973854,0.113183197741819,20.4872456682726,8.95411126797338,6.85643879990494,3.18943963199672
"242","10","17",19.9862166452117,0,6.23781321465322,2.570814046745,1.286431298764,20.4872456682726,0,4.95138191588921,1.284382747981
"243","10","18",27.5304722913621,0,5.28725810034666,1.62025893243845,0.435143900631374,20.4872456682726,0,4.85211419971529,1.18511503180707
"244","10","19",20.4872456682726,3.00000008468766e-07,5.71809384369772,2.0510946757895,0.141254469752312,20.4872456682726,3.00000008468766e-07,5.5768393739454,1.90984020603719
"245","10","20",20.4872456682726,0,7.39765743701537,3.73065826910715,2.08631707107997,20.4872456682726,3.00000008468766e-07,5.31134036593539,1.64434119802718
"246","10","21",20.4872456682726,3.0668063178386,7.91955838839385,4.25255922048564,1.42142251402765,20.4872456682726,3.0668063178386,6.4981358743662,2.83113670645798
"247","10","22",19.9862166452117,0.495160861008772,5.47830884929863,1.81130968139041,1.12742285172681,20.4872456682726,0.495160861008772,4.35088599757182,0.683886829663606
"248","10","23",9.36418066392253,0,7.92044240783434,4.25344323992613,1.71351317031258,20.4872456682726,0,6.20692923752176,2.53993006961355
"249","10","24",20.4872456682726,6.00000016937532e-07,5.83209104671005,2.16509187880183,1.78540133480601,20.4872456682726,0,4.04668971190404,0.379690543995821
"250","10","25",20.4872456682726,3.00000008468766e-07,6.23128050533887,2.56428133743066,1.92158426031347,20.4872456682726,0,4.30969624502541,0.642697077117191
"251","10","26",27.5304721913621,0,6.68505541563354,3.01805624772533,1.43959925128911,20.4872456682726,3.00000008468766e-07,5.24545616434443,1.57845699643622
"252","10","27",20.4872456682726,6.00000016937532e-07,8.62739369734663,4.96039452943842,1.6360914011766,20.4872456682726,6.00000016937532e-07,6.99130229617003,3.32430312826182
"253","10","28",20.4872456682726,0,6.47820966491781,2.8112104970096,0.695852729946637,20.4872456682726,6.00000016937532e-07,5.78235693497118,2.11535776706296
"254","10","29",20.4872456682726,5.0000001411461e-07,6.38912411832644,2.72212495041822,0.304489925449161,20.4872456682726,5.0000001411461e-07,6.08463419287727,2.41763502496906
"255","10","30",20.4872456682726,0,7.89161772885018,4.22461856094196,1.78358490983373,20.4872456682726,0,6.10803281901644,2.44103365110823
"256","11","11",17.015421307481,20.4714539752012,6.88830201493874,4.87973614474322,3.42277057139836,12.6619926359462,17.015421307481,3.46553144354039,1.45696557334486
"257","11","12",34.0572474254397,7.49786277032998,5.3884359321728,2.65461243615027,0.936179455222373,35.2493326280675,7.49786277032998,4.45225647695042,1.7184329809279
"258","11","13",35.3218045042875,4.30441743466859,8.43524100200921,3.24206363627309,1.51749042529082,35.2493326280675,4.30441743466859,6.91775057671839,1.72457321098227
"259","11","14",35.2493326280675,22.8864186566268,6.29478256417315,3.30198830891095,1.11414345412049,35.2493326280675,22.8864186566268,5.18063911005265,2.18784485479046
"260","11","15",7.15812419255491,0,6.80252149822263,4.79395562802711,3.31997960761873,35.2493326280675,0,3.4825418906039,1.47397602040837
"261","11","16",34.0572474254397,8.95411126797338,6.60174002329404,3.20242857267294,1.27560950310362,35.2493326280675,8.95411126797338,5.32613052019042,1.92681906956932
"262","11","17",0,0,5.96915326791532,3.96058739771979,2.85263778440822,35.2493326280675,0,3.1165154835071,1.10794961331158
"263","11","18",34.0572474254397,0,4.86505029158616,2.85648442139063,1.72572908514485,35.2493326280675,0,3.13932120644131,1.13075533624578
"264","11","19",0,0,5.84704984404016,3.83848397384463,2.22225862417508,35.2493326280675,3.00000008468766e-07,3.62479121986507,1.61622534966955
"265","11","20",34.0572474254397,3.00000008468766e-07,4.01361956016444,2.00505368996892,0.529753915228866,35.2493326280675,3.00000008468766e-07,3.48386564493558,1.47529977474005
"266","11","21",34.0572474254397,2.00000005645844e-07,6.15194415205042,3.28913356013254,1.12127325043366,35.2493326280675,3.0668063178386,5.03067090161676,2.16786030969888
"267","11","22",35.2493326280675,0,3.56049988425548,1.55193401405995,0.764396931726878,35.2493326280675,0.495160861008772,2.7961029525286,0.787537082333074
"268","11","23",35.2493326280675,0,5.21665335553371,2.5933516549976,0.703116379219864,35.2493326280675,0,4.51353697631384,1.89023527577774
"269","11","24",1.00742277084793,0,5.56329833508426,3.55473246488873,3.1452445466075,35.2493326280675,0,2.41805378847675,0.409487918281229
"270","11","25",8.54877420363885,6.00000016937532e-07,4.1630728077962,2.15450693760067,1.34411975289186,35.2493326280675,0,2.81895305490434,0.810387184708816
"271","11","26",34.0572474254397,3.00000008468766e-07,5.2023693275205,3.19380345732498,1.26740864532258,35.2493326280675,3.00000008468766e-07,3.93496068219793,1.9263948120024
"272","11","27",3.00000008468766e-07,0,6.25764513861577,2.96420150264203,1.02599753626782,35.2493326280675,6.00000016937532e-07,5.23164760234795,1.9382039663742
"273","11","28",35.3218047042875,6.00000016937532e-07,4.49081608554843,2.13242271233867,0.156467012502617,35.2493326280675,6.00000016937532e-07,4.33434907304581,1.97595569983605
"274","11","29",35.2493326280675,5.0000001411461e-07,5.25489816633853,2.48064009587324,0.619427951814941,35.2493326280675,5.0000001411461e-07,4.63547021452359,1.8612121440583
"275","11","30",34.0572474254397,5.0000001411461e-07,5.98881103021995,3.53883773732377,1.48111644921119,35.2493326280675,0,4.50769458100876,2.05772128811259
"276","12","12",3.00000008468766e-07,11.4818149400374,6.18017365719606,3.44635016117354,2.49587393926049,11.4818149400374,11.7331260198979,3.68429971793557,0.95047622191305
"277","12","13",7.49786277032998,4.30441743466859,9.11175766165979,3.91858029592368,1.06898483346777,7.49786277032998,4.30441743466859,8.04277282819203,2.84959546245591
"278","12","14",7.49786277032998,22.8864186566268,6.25871940270918,3.26592514744698,0.328318065066924,7.49786277032998,22.8864186566268,5.93040133764225,2.93760708238005
"279","12","15",7.49786277032998,2.00000005645844e-07,4.99534056023367,2.26151706421115,0.779962915763463,7.49786277032998,0,4.21537764447021,1.48155414844769
"280","12","16",7.49786277032998,8.95411126797338,8.42719671942541,5.02788526880431,2.29291300612022,7.49786277032998,8.95411126797338,6.13428371330519,2.7349722626841
"281","12","17",7.49786277032998,0,4.9462369345365,2.21241343851398,1.03538971001217,7.49786277032998,0,3.91084722452433,1.17702372850181
"282","12","18",0.806052715329281,10.4727134200654,4.83714062356012,2.10331712753759,0.958730171467323,7.49786277032998,0,3.87841045209279,1.14458695607027
"283","12","19",11.4818149400374,3.00000008468766e-07,5.99490364306257,3.26108014704005,1.26981829134093,7.49786277032998,3.00000008468766e-07,4.72508535172165,1.99126185569912
"284","12","20",5.21483792873796,0,5.78520130327524,3.05137780725272,1.65753809360467,7.49786277032998,3.00000008468766e-07,4.12766320967057,1.39383971364805
"285","12","21",7.49786277032998,3.0668063178386,5.91011403665289,3.04730344473501,0.0916239470334403,7.49786277032998,3.0668063178386,5.81849008961944,2.95567949770157
"286","12","22",7.49786277032998,0,4.50936358886975,1.77554009284722,1.02165330872594,7.49786277032998,0.495160861008772,3.4877102801438,0.753886784121278
"287","12","23",14.7034659591783,0,8.46157265201873,5.72774915599621,3.1900830316863,7.49786277032998,0,5.27148962033243,2.53766612430991
"288","12","24",7.49786277032998,0,5.33036184011689,2.59653834409437,2.09103051483544,7.49786277032998,0,3.23933132528146,0.505507829258931
"289","12","25",7.49786277032998,0,4.50669957377067,1.77287607774815,0.959579445190684,7.49786277032998,0,3.54712012857999,0.813296632557467
"290","12","26",0.806052715329281,3.00000008468766e-07,5.47443336294418,2.74060986692166,0.808407114585862,7.49786277032998,3.00000008468766e-07,4.66602624835832,1.9322027523358
"291","12","27",7.49786277032998,6.00000016937532e-07,7.1063555100136,3.81291187403986,0.957063136534998,7.49786277032998,6.00000016937532e-07,6.1492923734786,2.85584873750486
"292","12","28",11.7331260198979,0,7.90344712391197,5.16962362788945,2.72125183227399,7.49786277032998,6.00000016937532e-07,5.18219529163798,2.44837179561546
"293","12","29",7.49786277032998,0,6.59313313027451,3.81887505980922,1.19660579828633,7.49786277032998,5.0000001411461e-07,5.39652733198818,2.62226926152289
"294","12","30",7.49786277032998,2.00000005645844e-07,6.39136160443559,3.65753810841306,1.43188659101725,7.49786277032998,0,4.95947501341834,2.22565151739582
"295","13","13",9.86922666545393,23.6783263472831,6.87360187788363,1.68042451214751,1.20973068435705,4.30441743466859,36.6008796007397,5.66387119352657,0.470693827790456
"296","13","14",9.86922666545393,22.8864186566268,8.60607647813413,3.41289911239801,0.569302646990764,4.30441743466859,22.8864186566268,8.03677383114336,2.84359646540724
"297","13","15",9.86922666545393,20.372055742014,8.24560635010494,3.05242898436882,1.57659873158445,4.30441743466859,0,6.66900761852048,1.47583025278436
"298","13","16",9.86922666545393,3.0197413694112,9.83412593718276,4.64094857144664,1.3275528174072,4.30441743466859,8.95411126797338,8.50657311977557,3.31339575403945
"299","13","17",9.86922666545393,9.99254173740987,7.22855494464966,2.03537757891354,0.860690925217568,4.30441743466859,0,6.36786401943209,1.17468665369597
"300","13","18",9.86922666545393,0,8.30080279538015,3.10762542964403,1.93354412542794,4.30441743466859,0,6.36725866995221,1.17408130421609
"301","13","19",9.86922666545393,6.79620036821963,7.84110739525568,2.64793002951956,1.18288994428258,4.30441743466859,6.79620036821963,6.6582174509731,1.46504008523698
"302","13","20",4.30441743466859,3.00000008468766e-07,7.50546839781055,2.31229103207443,0.953520840694182,4.30441743466859,3.00000008468766e-07,6.55194755711636,1.35877019138024
"303","13","21",4.30441743466859,3.0668063178386,9.27197896670987,4.07880160097375,1.11058038415649,4.30441743466859,3.0668063178386,8.16139858255337,2.96822121681726
"304","13","22",4.30441743466859,0,6.54374210348396,1.35056473774785,0.639559727693268,4.30441743466859,0.495160861008772,5.9041823757907,0.711005010054578
"305","13","23",3.57058480182292,0,9.5296803999081,4.33650303417198,1.78284022236403,4.30441743466859,0,7.74684017754407,2.55366281180795
"306","13","24",4.30441743466859,6.00000016937532e-07,8.17429745156551,2.98112008582939,2.43583324508836,4.30441743466859,0,5.73846420647715,0.545286840741028
"307","13","25",9.86922666545393,6.00000016937532e-07,8.24250119991484,3.04932383417872,2.24979385147344,4.30441743466859,0,5.9927073484414,0.79952998270528
"308","13","26",9.86922666545393,3.00000008468766e-07,9.27500936302022,4.0818319972841,2.34030494906801,4.30441743466859,3.00000008468766e-07,6.9347044139522,1.74152704821608
"309","13","27",4.30441743466859,6.00000016937532e-07,9.71042370007672,4.5172463343406,1.45594975123458,4.30441743466859,6.00000016937532e-07,8.25447394884213,3.06129658310601
"310","13","28",4.30441743466859,0,9.96436795785667,4.77119059212055,2.65648080041865,4.30441743466859,6.00000016937532e-07,7.30788715743802,2.1147097917019
"311","13","29",9.86922666545393,5.0000001411461e-07,8.50794897554806,3.31477160981194,0.824720369620991,4.30441743466859,5.0000001411461e-07,7.68322860592707,2.49005124019095
"312","13","30",4.30441743466859,0,9.28572904672001,4.09255168098389,1.8923194241288,4.30441743466859,0,7.39340962259121,2.20023225685509
"313","14","14",7.68913619980894,16.8131683513385,7.29498739191331,4.30219313665111,3.55027816661095,22.8864186566268,32.0992014398057,3.74470922530236,0.751914970040161
"314","14","15",32.0992015398057,0,5.43607673261613,2.44328247735393,0.81513335397176,22.8864186566268,0,4.62094337864437,1.62814912338217
"315","14","16",22.8864186566268,8.95411126797338,7.43231257734624,4.03300112672514,0.957789908796258,22.8864186566268,8.95411126797338,6.47452266854998,3.07521121792888
"316","14","17",32.0992015398057,3.50456668182904,5.2070266279643,2.2142323727021,0.916618701940024,22.8864186566268,0,4.29040792602427,1.29761367076208
"317","14","18",22.8864186566268,0,4.96978368260352,1.97698942734132,0.881957140494706,22.8864186566268,0,4.08782654210881,1.09503228684662
"318","14","19",16.8131683513385,4.94600245472705,5.84507862494502,2.85228436968282,1.31141011854197,22.8864186566268,3.00000008468766e-07,4.53366850640305,1.54087425114085
"319","14","20",16.8131683513385,0,6.85001153999292,3.85721728473072,2.27132338658703,22.8864186566268,3.00000008468766e-07,4.57868815340589,1.58589389814369
"320","14","21",32.0992015398057,3.0668063178386,6.60542546434408,3.61263120908188,0.624585403013043,22.8864186566268,3.0668063178386,5.98084006133104,2.98804580606884
"321","14","22",16.8131683513385,0,6.50873900701481,3.51594475175261,2.68960768102806,22.8864186566268,0.495160861008772,3.81913132598675,0.826337070724549
"322","14","23",27.2740707007264,0,7.56487153813396,4.57207728287176,2.1150995150183,32.0992015398057,0,5.44977202311566,2.45697776785346
"323","14","24",22.8864186566268,0,5.15224672552358,2.15945247026139,1.75502605182191,22.8864186566268,0,3.39722067370167,0.404426418439471
"324","14","25",32.0992015398057,1.00000002822922e-07,4.47547171929727,1.48267746403508,0.770794879334062,22.8864186566268,0,3.70467683996321,0.711882584701016
"325","14","26",32.0992015398057,3.00000008468766e-07,4.97814430264043,1.98535004737823,0.368545502660709,22.8864186566268,3.00000008468766e-07,4.60959879997972,1.61680454471752
"326","14","27",22.8864186566268,6.00000016937532e-07,7.3126782791478,4.01923464317406,1.12169489512598,22.8864186566268,6.00000016937532e-07,6.19098338402182,2.89753974804808
"327","14","28",22.8864186566268,0,6.16376804853644,3.17097379327424,0.805876761634863,22.8864186566268,6.00000016937532e-07,5.35789128690158,2.36509703163938
"328","14","29",32.0992015398057,2.00000005645844e-07,7.64646336517399,4.65366910991179,1.80203408079069,22.8864186566268,5.0000001411461e-07,5.8444292843833,2.8516350291211
"329","14","30",26.3922131616914,5.0000001411461e-07,6.40260889359706,3.40981463833486,1.15815885927805,22.8864186566268,0,5.24445003431902,2.25165577905682
"330","15","15",15.6894387574615,20.1169531268968,3.82918544737913,2.28049283201653,1.71745733041462,0,0.0945463924486926,2.11172811696451,0.563035501601917
"331","15","16",15.6894387574615,3.0197413694112,7.26815771545807,3.86884626483698,2.43067961458837,0,8.95411126797338,4.8374781008697,1.4381666502486
"332","15","17",14.3034532183899,13.9015112544632,5.4882184154867,3.9395258001241,2.7185197755407,0,0,2.769698639946,1.2210060245834
"333","15","18",15.6894387574615,0,5.44772440549787,3.89903179013527,2.72091861339322,0,0,2.72680579210464,1.17811317674204
"334","15","19",15.6894387574615,6.79620036821963,4.09271312499368,2.40248156158486,0.952895026783153,0,3.00000008468766e-07,3.13981809821053,1.44958653480171
"335","15","20",0,0.775760650034489,3.92492336324722,2.37623074788462,1.08302525420368,0,3.00000008468766e-07,2.84189810904354,1.29320549368094
"336","15","21",0,3.0668063178386,4.88571626514749,2.02290567322962,0.574730800079124,0,3.0668063178386,4.31098546506837,1.44817487315049
"337","15","22",0,0.495160861008772,4.69786848664444,3.14917587128184,2.44439364811478,0,0.495160861008772,2.25347483852966,0.704782223167058
"338","15","23",15.6894387574615,0,4.98098463653878,2.35768293600267,0.879763025799548,0,0,4.10122161073923,1.47791991020313
"339","15","24",0.0945463924486926,0,4.26829040365919,2.7195977882966,2.28579851247378,0,0,1.98249189118542,0.433799275822821
"340","15","25",0,0,6.1459555014535,4.5972628860909,3.76923931348392,0,0,2.37671618796958,0.82802357260698
"341","15","26",14.3034532183899,3.00000008468766e-07,4.56986790253904,2.81089417398834,1.29832954418816,0,3.00000008468766e-07,3.27153835835088,1.51256462980018
"342","15","27",21.3586937996191,6.00000016937532e-07,5.20334940362227,1.90990576764852,0.393750770917904,0,6.00000016937532e-07,4.80959863270436,1.51615499673062
"343","15","28",0,6.00000016937532e-07,4.44435980933486,2.08596643612509,0.683758687533555,0,6.00000016937532e-07,3.7606011218013,1.40220774859154
"344","15","29",0,5.0000001411461e-07,5.42458349110166,2.65032542063636,1.16431721974732,0,5.0000001411461e-07,4.26026627135434,1.48600820088905
"345","15","30",0,0,8.41777340726549,5.96780011436931,4.41471132093102,0,0,4.00306208633447,1.55308879343829
"346","16","16",2.00000005645844e-07,8.95411136797338,5.88305093930649,2.48373948868539,2.06006828460158,6.61156086440015,8.95411126797338,3.8229826547049,0.423671204083803
"347","16","17",8.95411166797339,0,5.28035016845934,1.88103871783824,0.77783006799109,8.95411126797338,0,4.50252010046825,1.10320864984715
"348","16","18",8.95411126797338,0,5.16727605320193,1.76796460258083,0.587495142443004,8.95411126797338,0,4.57978091075893,1.18046946013783
"349","16","19",8.95411126797338,4.94600245472705,7.28190921732494,3.88259776670384,2.241480305609,8.95411126797338,3.00000008468766e-07,5.04042891171594,1.64111746109484
"350","16","20",8.95411126797338,0.775760650034489,5.85842213368778,2.45911068306668,1.00883015271938,8.95411126797338,3.00000008468766e-07,4.8495919809684,1.4502805303473
"351","16","21",8.95411126797338,3.0668063178386,7.10683548920861,3.70752403858751,0.804043691865445,8.95411126797338,3.0668063178386,6.30279179734316,2.90348034672206
"352","16","22",6.61156086440015,0.495160861008772,5.46272823999061,2.06341678936951,1.36488256085977,8.95411126797338,0.495160861008772,4.09784567913084,0.698534228509743
"353","16","23",8.95411166797339,0,7.08268828102518,3.68337683040409,0.967208907375607,8.95411126797338,0,6.11547937364958,2.71616792302848
"354","16","24",8.95411156797339,6.00000016937532e-07,5.57688450034584,2.17757304972474,1.69170147230034,8.95411126797338,0,3.8851830280455,0.485871577424405
"355","16","25",8.95411126797338,4.00000011291688e-07,4.6927211681359,1.29340971751481,0.692414930921586,8.95411126797338,0,4.00030623721432,0.600994786593219
"356","16","26",8.95411126797338,3.00000008468766e-07,5.58521227524943,2.18590082462833,0.467812354485432,8.95411126797338,3.00000008468766e-07,5.117399920764,1.7180884701429
"357","16","27",8.95411126797338,0,7.48486620871699,4.0855547580959,0.968998241252848,8.95411126797338,6.00000016937532e-07,6.51586796746415,3.11655651684305
"358","16","28",4.48873079849166,0,7.36310214314835,3.96379069252725,1.52886385196143,8.95411126797338,6.00000016937532e-07,5.83423829118692,2.43492684056582
"359","16","29",8.95411126797338,0,6.68663316590755,3.28732171528645,0.594306522485567,8.95411126797338,5.0000001411461e-07,6.09232664342198,2.69301519280089
"360","16","30",8.95411126797338,0,6.66349298353816,3.26418153291706,0.906092534192794,8.95411126797338,0,5.75740044934537,2.35808899872427
"361","17","17",9.99254173740987,13.9015112544632,3.80002608194445,2.56484766592439,1.47730192547351,12.7094857970976,13.9015112544632,2.32272415647094,1.08754574045088
"362","17","18",0,0,4.68101476364063,3.44583634762057,2.31020586156956,0,0,2.37080890207108,1.13563048605101
"363","17","19",0,3.00000008468766e-07,4.52757390613988,2.83734234273106,1.7834008173395,0,3.00000008468766e-07,2.74417308880038,1.05394152539156
"364","17","20",0,0,3.37677171482756,1.87117309727546,0.486987998243421,0,3.00000008468766e-07,2.88978371658413,1.38418509903204
"365","17","21",0,3.0668063178386,5.00900426145017,2.14619366953229,0.89324633002434,0,3.0668063178386,4.11575793142583,1.25294733950795
"366","17","22",0,0.495160861008772,4.59723955379195,3.36206113777189,2.64558267370558,0,0.495160861008772,1.95165688008638,0.716478464066313
"367","17","23",0,0,4.8342906831931,2.210988982657,1.02513944995007,0,0,3.80915123324303,1.18584953270692
"368","17","24",0,0,3.0554031213851,1.82022470536504,1.3979818973221,0,0,1.657421224063,0.422242808042938
"369","17","25",0,6.00000016937532e-07,3.59494183147035,2.35976341545029,1.61207761184414,0,0,1.98286421962621,0.747685803606146
"370","17","26",0,3.00000008468766e-07,3.04512668361349,1.28615295506279,0.0777643153578538,0,3.00000008468766e-07,2.96736236825564,1.20838863970494
"371","17","27",3.50456668182904,5.0000001411461e-07,5.03483309313924,1.7413894571655,0.594728600462986,0,6.00000016937532e-07,4.44010449267626,1.14666085670251
"372","17","28",13.9015110544632,6.00000016937532e-07,5.06170055333314,2.70330718012337,1.57438723857922,0,6.00000016937532e-07,3.48731331475392,1.12891994154415
"373","17","29",0,1.00000002822922e-07,4.44233880193497,1.66808073146967,0.526730427500297,0,5.0000001411461e-07,3.91560837443467,1.14135030396938
"374","17","30",0,0,4.03516571944965,1.58519242655348,0.495054073802748,0,0,3.5401116456469,1.09013835275073
"375","18","18",0,8.977146573322,5.58144639133934,4.48548431792915,1.77613560007376,0,0.611363059847391,3.80531079126558,2.70934871785539
"376","18","19",0,11.4311577291801,3.75970074964243,2.06946918623362,1.03867723250733,0,3.00000008468766e-07,2.72102351713511,1.03079195372629
"377","18","20",10.4727134200654,0,3.31057265897107,1.80497404141897,0.784379013603029,0,3.00000008468766e-07,2.52619364536804,1.02059502781594
"378","18","21",0,3.0668060178386,4.65178647015455,1.78897587823667,0.670818533324564,0,3.0668063178386,3.98096793682998,1.11815734491211
"379","18","22",0,0.495160861008772,3.0881596765139,1.9921976031037,1.25842868208383,0,0.495160861008772,1.82973099443007,0.733768921019873
"380","18","23",10.4727131200654,6.00000016937532e-07,6.46602348335364,3.84272178281753,2.72093704285544,0,0,3.7450864404982,1.1217847399621
"381","18","24",10.4727131200654,6.00000016937532e-07,3.53861709327975,2.44265501986956,1.97773237733054,0,0,1.56088471594921,0.464922642539022
"382","18","25",0,2.00000005645844e-07,3.23148103477797,2.13551896136778,1.29956415630477,0,0,1.9319168784732,0.835954805063011
"383","18","26",0,3.00000008468766e-07,3.28735691782822,1.52838318927752,0.420312503196328,0,3.00000008468766e-07,2.86704441463189,1.10807068608119
"384","18","27",0,6.00000016937532e-07,5.51048368212469,2.21704004615094,1.15035469863142,0,6.00000016937532e-07,4.36012898349327,1.06668534751952
"385","18","28",0,6.00000016937532e-07,4.35448363061914,1.99609025740938,0.819370218567201,0,6.00000016937532e-07,3.53511341205194,1.17672003884218
"386","18","29",0,5.0000001411461e-07,4.19950828488436,1.42525021441907,0.366494695379515,0,5.0000001411461e-07,3.83301358950484,1.05875551903955
"387","18","30",9.92267006509766,5.0000001411461e-07,6.11492768805147,3.66495439515529,2.67026560658087,0,0,3.4446620814706,0.994688788574422
"388","19","19",0.534143205430493,4.94600245472705,5.13287225451495,3.44264069110613,1.62666663447635,3.00000008468766e-07,0.534143205430493,3.5062056200386,1.81597405662978
"389","19","20",0.534143205430493,3.00000008468766e-07,4.93523501220807,3.24500344879925,1.63681096810251,3.00000008468766e-07,3.00000008468766e-07,3.29842404410556,1.60819248069674
"390","19","21",0,3.0668063178386,7.21668707713434,4.35387648521646,2.75944380785222,3.00000008468766e-07,3.0668063178386,4.45724326928212,1.59443267736424
"391","19","22",4.94600245472705,0.495160861008772,3.17712553443198,1.48689397102316,0.815176418456758,3.00000008468766e-07,0.495160861008772,2.36194911597522,0.671717552566406
"392","19","23",3.00000008468766e-07,0,4.73266428573697,2.10936258520087,0.477419830885992,3.00000008468766e-07,0,4.25524445485098,1.63194275431488
"393","19","24",0.534143205430493,0,3.45329355697686,1.76306199356804,1.30680497864159,3.00000008468766e-07,0,2.14648857833527,0.45625701492645
"394","19","25",3.00000008468766e-07,0,3.23300254308924,1.54277097968043,0.784525907471107,3.00000008468766e-07,0,2.44847663561814,0.75824507220932
"395","19","26",3.00000008468766e-07,5.0000001411461e-07,5.71347131391667,3.95449758536597,2.31843537990972,3.00000008468766e-07,3.00000008468766e-07,3.39503593400696,1.63606220545626
"396","19","27",3.00000008468766e-07,6.00000016937532e-07,8.90720232472813,5.61375868875439,4.11466439003016,3.00000008468766e-07,6.00000016937532e-07,4.79253793469798,1.49909429872423
"397","19","28",0,1.00000002822922e-07,5.88808700959817,3.5296936363884,1.78720577341846,3.00000008468766e-07,6.00000016937532e-07,4.1008812361797,1.74248786296994
"398","19","29",3.00000008468766e-07,5.0000001411461e-07,4.72334180439248,1.94908373392718,0.38867050414774,3.00000008468766e-07,5.0000001411461e-07,4.33467130024474,1.56041322977944
"399","19","30",4.94600245472705,0,5.0709338896304,2.62096059673422,1.06443002524065,3.00000008468766e-07,0,4.00650386438974,1.55653057149357
"400","20","20",0,0.775760650034489,2.71369089698419,1.20809227943209,0.658268362270974,0.775760650034489,13.5883966997588,2.05542253471322,0.54982391716112
"401","20","21",3.00000008468766e-07,3.0668063178386,4.56701195133792,1.70420135942004,0.176166468159863,3.00000008468766e-07,3.0668063178386,4.39084548317805,1.52803489126018
"402","20","22",0,0.495160861008772,3.144262906535,1.63866428898291,0.98155209316792,3.00000008468766e-07,0.495160861008772,2.16271081336708,0.657112195814989
"403","20","23",0,0,5.71601670990822,3.09271500937211,1.61553006446411,3.00000008468766e-07,0,4.10048664544411,1.477184944908
"404","20","24",0.775760650034489,0,2.61457133665317,1.10897271910108,0.551403050034423,3.00000008468766e-07,0,2.06316828661875,0.557569669066652
"405","20","25",0.775760650034489,6.00000016937532e-07,3.87352076839124,2.36792215083915,1.54506705710992,3.00000008468766e-07,0,2.32845371128133,0.822855093729231
"406","20","26",3.00000008468766e-07,3.00000008468766e-07,3.84047918346732,2.08150545491662,0.566389680727298,3.00000008468766e-07,3.00000008468766e-07,3.27408950274003,1.51511577418933
"407","20","27",0,6.00000016937532e-07,6.19899174295824,2.9055481069845,1.66316478074805,3.00000008468766e-07,6.00000016937532e-07,4.53582696221019,1.24238332623645
"408","20","28",3.00000008468766e-07,0,4.83695594508208,2.47856257187232,1.04700446334755,3.00000008468766e-07,6.00000016937532e-07,3.78995148173453,1.43155810852477
"409","20","29",3.00000008468766e-07,5.0000001411461e-07,4.69756949082694,1.92331142036164,0.472170750248551,3.00000008468766e-07,5.0000001411461e-07,4.22539874057838,1.45114067011309
"410","20","30",0.775760650034489,5.0000001411461e-07,7.06887085981361,4.61889756691744,3.02471830116338,3.00000008468766e-07,0,4.04415255865024,1.59417926575406
"411","21","21",1.66711624008328,3.0668063178386,4.01874119834974,1.15593060643187,0.0356112447498163,1.66711624008328,3.0668063178386,3.98312995359993,1.12031936168205
"412","21","22",3.0668063178386,0.495160561008763,4.18726731384413,1.32445672192625,0.524471591123074,3.0668063178386,0.495160861008772,3.66279572272106,0.799985130803179
"413","21","23",3.0668063178386,0,6.31151197917643,3.44870138725855,0.753050498784432,3.0668063178386,0,5.558461480392,2.69565088847412
"414","21","24",3.00000008468766e-07,0,4.69589432970497,1.83308373778709,1.3752930630726,3.0668063178386,0,3.32060126663237,0.457790674714488
"415","21","25",3.0668063178386,0,4.2277765007766,1.36496590885872,0.589531709132643,3.0668063178386,0,3.63824479164396,0.775434199726078
"416","21","26",3.0668060178386,3.00000008468766e-07,6.18650035961764,3.32368976769976,1.62912066149875,3.0668063178386,3.00000008468766e-07,4.55737969811889,1.69456910620102
"417","21","27",3.0668060178386,6.00000016937532e-07,6.28583000627623,2.99238637030248,0.387262550682863,3.0668063178386,6.00000016937532e-07,5.89856745559337,2.60512381961962
"418","21","28",3.00000008468766e-07,6.00000016937532e-07,6.15344981950329,3.29063922758542,0.872944568849562,3.0668063178386,6.00000016937532e-07,5.28050525065373,2.41769465873585
"419","21","29",3.00000008468766e-07,5.0000001411461e-07,7.10510961914042,4.24229902722254,1.38757601641737,3.0668063178386,5.0000001411461e-07,5.71753360272305,2.85472301080517
"420","21","30",3.0668063178386,0,6.75766118915635,3.89485059723847,1.47029717848818,3.0668063178386,0,5.28736401066817,2.42455341875029
"421","22","22",0,0.495160861008772,2.60920438267021,1.86165575179621,1.8373729377181,3.00000008468766e-07,0.495160861008772,0.771831444952113,0.0242828140781057
"422","22","23",0.495160861008772,0,4.45617617483731,1.83287447430121,1.07310502367909,0.495160861008772,0,3.38307115115822,0.759769450622116
"423","22","24",0,6.00000016937532e-07,3.18400981169725,2.43646118082324,1.97219503800989,0.495160861008772,0,1.21181477368737,0.464266142813358
"424","22","25",0,0,2.99501637411413,2.21502943587984,1.44977031434428,0.495160861008772,0,1.54524605976985,0.765259121535564
"425","22","26",3.00000008468766e-07,3.00000008468766e-07,5.08944266979779,3.33046894124709,2.5918166705942,0.495160861008772,3.00000008468766e-07,2.49762599920359,0.738652270652892
"426","22","27",0,6.00000016937532e-07,6.95930142203906,3.66585778606532,2.81800797906544,0.495160861008772,6.00000016937532e-07,4.14129344297362,0.847849806999875
"427","22","28",0.495160861008772,6.00000016937532e-07,5.05192753589654,2.69353416268677,1.9271846788688,0.495160861008772,6.00000016937532e-07,3.12474285702774,0.766349483817976
"428","22","29",0,5.0000001411461e-07,4.41733097092401,1.64307290045872,0.872594954871602,0.495160861008772,5.0000001411461e-07,3.54473601605241,0.770477945587118
"429","22","30",0.495160861008772,0,3.31436876726184,0.864395474365665,0.213806530246075,0.495160861008772,0,3.10056223701577,0.65058894411959
"430","23","23",0,0,2.6233017005361,0,0,0,0,2.6233017005361,0
"431","23","24",0,0,4.40121100744909,1.77790930691299,1.37240849872069,0,0,3.0288025087284,0.405500808192301
"432","23","25",0,0,4.40523812985703,1.78193642932092,1.04389138909391,0,0,3.36134674076311,0.738045040227007
"433","23","26",0,3.00000008468766e-07,6.70257779942767,4.07927609889157,2.48487245866636,0,3.00000008468766e-07,4.21770534076131,1.59440364022521
"434","23","27",0,6.00000016937532e-07,6.36546533139335,3.07202169541961,0.718404117023965,0,6.00000016937532e-07,5.64706121436939,2.35361757839564
"435","23","28",0,6.00000016937532e-07,5.15657743975862,2.53327573922252,0.36603334839856,0,6.00000016937532e-07,4.79054409136006,2.16724239082396
"436","23","29",0,0,9.96312803648107,7.18886996601577,4.71742457344226,0,5.0000001411461e-07,5.24570346303881,2.47144539257351
"437","23","30",0,0,6.27393966109594,3.65063796055983,1.37460316586294,0,0,4.899336495233,2.2760347946969
"438","24","24",0,0,0.463932134356583,0,0,0,0,0.463932134356583,0
"439","24","25",0,0,1.76371651649424,0.983729578259954,0.526697989416789,0,0,1.23701852707745,0.457031588843165
"440","24","26",0,3.00000008468766e-07,4.74393724040056,2.98496351184986,2.52006561602684,0,3.00000008468766e-07,2.22387162437371,0.464897895823015
"441","24","27",0,0,6.66740648636551,3.37396285039176,2.8664114247531,0,6.00000016937532e-07,3.80099506161241,0.507551425638667
"442","24","28",0,6.00000016937532e-07,3.05990701080373,0.701513637593962,0.332966104779189,0,6.00000016937532e-07,2.72694090602454,0.368547532814773
"443","24","29",6.00000016937532e-07,5.0000001411461e-07,5.7455643821213,2.97130631165601,2.46251515446966,0,5.0000001411461e-07,3.28304922765165,0.508791157186351
"444","24","30",0,0,4.35844898385585,1.90847569095968,1.43053665614934,0,0,2.92791232770651,0.477939034810333
"445","25","25",0,0,0.779986938234288,0,0,0,0,0.779986938234288,0
"446","25","26",0,3.00000008468766e-07,2.94595999307421,1.18698626452351,0.362087468327445,0,3.00000008468766e-07,2.58387252474677,0.824898796196067
"447","25","27",0,6.00000016937532e-07,5.75153820363084,2.4580945676571,1.77832578880225,0,6.00000016937532e-07,3.97321241482859,0.67976877885485
"448","25","28",3.00000008468766e-07,6.00000016937532e-07,4.67596209394287,2.31756872073311,1.70530869216418,0,6.00000016937532e-07,2.97065340177869,0.612260028568926
"449","25","29",0,4.00000011291688e-07,6.42104944979837,3.64679137933308,2.82173917166074,0,5.0000001411461e-07,3.59931027813764,0.825052207672343
"450","25","30",6.00000016937532e-07,0,4.47862835498381,2.02865506208764,1.3262597364901,0,0,3.15236861849371,0.702395325597536
"451","26","26",3.00000008468766e-07,3.00000008468766e-07,1.7589737285507,0,0,3.00000008468766e-07,3.00000008468766e-07,1.7589737285507,0
"452","26","27",6.00000016937532e-07,6.00000016937532e-07,6.6236360323237,3.33019239634996,1.63569884216304,3.00000008468766e-07,6.00000016937532e-07,4.98793719016066,1.69449355418692
"453","26","28",3.00000008468766e-07,6.00000016937532e-07,4.70841399787787,2.3500206246681,0.679693326728739,3.00000008468766e-07,6.00000016937532e-07,4.02872067114913,1.67032729793937
"454","26","29",3.00000008468766e-07,5.0000001411461e-07,5.68223413565829,2.907976065193,1.40036872003293,3.00000008468766e-07,5.0000001411461e-07,4.28186541562536,1.50760734516007
"455","26","30",3.00000008468766e-07,0,4.56464423179023,2.11467093889405,0.275957687494156,3.00000008468766e-07,0,4.28868654429607,1.83871325139989
"456","27","27",6.00000016937532e-07,6.00000016937532e-07,3.29344363597374,0,0,6.00000016937532e-07,6.00000016937532e-07,3.29344363597374,0
"457","27","28",6.00000016937532e-07,6.00000016937532e-07,6.30860111558104,3.0151574796073,0.809858612756216,6.00000016937532e-07,6.00000016937532e-07,5.49874250282483,2.20529886685108
"458","27","29",6.00000016937532e-07,0,8.1324817049499,4.83903806897615,2.28304013702473,6.00000016937532e-07,5.0000001411461e-07,5.84944156792517,2.55599793195142
"459","27","30",6.00000016937532e-07,0,6.53738485930444,3.24394122333069,0.913617604514002,6.00000016937532e-07,0,5.62376725479044,2.33032361881669
"460","28","28",6.00000016937532e-07,6.00000016937532e-07,2.35839337320976,0,0,6.00000016937532e-07,6.00000016937532e-07,2.35839337320976,0
"461","28","29",0,5.0000001411461e-07,7.00727469972844,4.23301662926315,1.79199107641944,6.00000016937532e-07,5.0000001411461e-07,5.21528362330901,2.44102555284371
"462","28","30",0,0,4.97813632104589,2.52816302814972,0.313372591670486,6.00000016937532e-07,0,4.66476372937541,2.21479043647923
"463","29","29",5.0000001411461e-07,5.0000001411461e-07,2.77425807046529,0,0,5.0000001411461e-07,5.0000001411461e-07,2.77425807046529,0
"464","29","30",5.0000001411461e-07,0,6.06031468195943,3.28605661149413,1.06484444528542,5.0000001411461e-07,0,4.99547023667401,2.22121216620872
"465","30","30",0,0,2.44997329289617,0,0,0,0,2.44997329289617,0
