"","V1"
"1",350
"2",351
"3",352
"4",353
"5",354
"6",355
"7",356
"8",357
"9",358
"10",359
"11",360
"12",361
"13",362
"14",363
"15",364
"16",365
"17",366
"18",367
"19",368
"20",369
"21",370
"22",371
"23",372
"24",373
"25",374
"26",376
"27",378
"28",379
"29",380
"30",381
"31",383
"32",384
"33",385
"34",386
"35",387
"36",388
"37",389
"38",390
"39",391
"40",392
"41",393
"42",394
"43",395
"44",396
"45",398
"46",399
"47",400
"48",402
"49",403
"50",404
"51",405
"52",406
"53",407
"54",408
"55",409
"56",410
"57",411
"58",412
"59",413
"60",414
"61",416
"62",417
"63",418
"64",419
"65",421
"66",422
"67",424
"68",425
"69",427
"70",428
"71",429
"72",430
"73",431
"74",432
"75",433
"76",434
"77",435
"78",436
"79",437
"80",438
"81",439
"82",440
"83",441
"84",442
"85",443
"86",444
"87",445
"88",446
"89",447
"90",448
"91",449
"92",451
"93",452
"94",453
"95",455
"96",456
"97",461
"98",462
"99",463
"100",467
"101",468
"102",469
"103",470
"104",472
"105",474
"106",479
"107",482
"108",483
"109",484
"110",485
"111",486
"112",488
"113",489
"114",491
"115",492
"116",493
"117",495
"118",497
"119",498
"120",500
"121",501
"122",502
"123",503
"124",504
"125",505
"126",506
"127",507
"128",508
"129",509
"130",510
"131",511
"132",512
"133",513
"134",514
"135",515
"136",516
"137",517
"138",519
"139",520
"140",521
"141",522
"142",523
"143",524
"144",525
"145",526
"146",527
"147",528
"148",529
"149",530
"150",531
"151",532
"152",533
"153",534
"154",536
"155",537
"156",538
"157",539
"158",541
"159",542
"160",543
"161",545
"162",546
"163",547
"164",548
"165",549
"166",550
"167",552
"168",554
"169",555
"170",556
"171",557
"172",558
"173",559
"174",560
"175",561
"176",562
"177",563
"178",564
"179",565
"180",566
"181",567
"182",568
"183",569
"184",570
"185",571
"186",574
"187",575
"188",576
"189",577
"190",578
"191",579
"192",580
"193",582
"194",583
"195",584
"196",585
"197",586
"198",587
"199",588
"200",589
"201",590
"202",591
"203",592
"204",593
"205",594
"206",595
"207",596
"208",597
"209",598
"210",599
"211",600
"212",601
"213",602
"214",603
"215",604
"216",605
"217",606
"218",608
"219",609
"220",610
"221",611
"222",612
"223",613
"224",614
"225",615
"226",616
"227",617
"228",618
"229",619
"230",620
"231",621
"232",622
"233",623
"234",624
"235",625
"236",626
"237",627
"238",628
"239",629
"240",630
"241",631
"242",633
"243",634
"244",635
"245",636
"246",637
"247",638
"248",639
"249",640
"250",641
"251",642
"252",643
"253",644
"254",645
"255",647
"256",648
"257",649
"258",650
"259",651
"260",652
"261",654
"262",655
"263",656
"264",657
"265",658
"266",659
"267",660
"268",661
"269",662
"270",663
"271",664
"272",665
"273",666
"274",668
"275",669
"276",671
"277",672
"278",673
"279",674
"280",675
"281",676
"282",677
"283",678
"284",679
"285",680
"286",681
"287",682
"288",683
"289",684
"290",685
"291",686
"292",687
"293",688
"294",689
"295",690
"296",691
"297",692
"298",693
"299",694
"300",695
"301",696
"302",697
"303",698
"304",699
"305",700
"306",701
"307",702
"308",703
"309",704
"310",706
"311",707
"312",709
"313",710
"314",711
"315",712
"316",713
"317",714
"318",715
"319",717
"320",718
"321",719
"322",720
"323",721
"324",722
"325",723
"326",724
"327",725
"328",726
"329",728
"330",729
"331",730
"332",733
"333",734
"334",735
"335",736
"336",737
"337",738
"338",739
"339",740
"340",741
"341",742
"342",743
"343",745
"344",746
"345",748
"346",749
"347",750
"348",751
"349",752
"350",753
"351",754
"352",756
"353",759
"354",760
"355",762
"356",763
"357",764
"358",765
"359",766
"360",767
"361",769
"362",770
"363",771
"364",772
"365",773
"366",774
"367",775
"368",776
"369",777
"370",779
"371",781
"372",782
"373",783
"374",784
"375",785
"376",786
"377",787
"378",788
"379",789
"380",790
"381",791
"382",792
"383",793
"384",794
"385",795
"386",796
"387",797
"388",798
"389",799
"390",800
"391",801
"392",802
"393",803
"394",804
"395",805
"396",806
"397",807
"398",808
"399",809
"400",810
"401",811
"402",812
"403",814
"404",815
"405",816
"406",817
"407",819
"408",820
"409",823
"410",824
"411",825
"412",827
"413",828
"414",829
"415",830
"416",831
"417",832
"418",833
"419",834
"420",835
"421",836
"422",837
"423",838
"424",841
"425",842
"426",843
"427",844
"428",845
"429",846
"430",847
"431",848
"432",849
"433",850
"434",851
"435",852
"436",853
"437",854
"438",855
"439",856
"440",857
"441",858
"442",859
"443",861
"444",862
"445",863
"446",864
"447",865
"448",866
"449",867
"450",868
"451",869
"452",870
"453",871
"454",872
"455",874
"456",875
"457",876
"458",877
"459",878
"460",879
"461",880
"462",881
"463",883
"464",884
"465",885
"466",886
"467",887
"468",888
"469",889
"470",890
"471",891
"472",892
"473",894
"474",895
"475",898
"476",899
"477",900
"478",901
"479",902
"480",903
"481",905
"482",907
"483",908
"484",909
"485",912
"486",913
"487",914
"488",915
"489",916
"490",917
"491",918
"492",919
"493",920
"494",922
"495",923
"496",926
"497",927
"498",929
"499",930
"500",931
"501",932
"502",933
"503",934
"504",935
"505",936
"506",937
"507",938
"508",940
"509",941
"510",942
"511",943
"512",944
"513",945
"514",946
"515",947
"516",948
"517",949
"518",950
"519",951
"520",952
"521",953
"522",954
"523",957
"524",958
"525",959
"526",960
"527",961
"528",962
"529",963
"530",964
"531",965
"532",966
"533",967
"534",968
"535",969
"536",970
"537",972
"538",973
"539",974
"540",975
"541",976
"542",977
"543",978
"544",979
"545",980
"546",981
"547",982
"548",983
"549",984
"550",985
"551",986
"552",987
"553",988
"554",989
"555",990
"556",991
"557",992
"558",993
"559",994
"560",995
"561",996
"562",997
"563",998
"564",999
"565",1000
"566",1001
"567",1002
"568",1003
"569",1004
"570",1005
"571",1006
"572",1007
"573",1008
"574",1009
"575",1010
"576",1012
"577",1013
"578",1014
"579",1015
"580",1016
"581",1017
"582",1018
"583",1020
"584",1022
"585",1023
"586",1024
"587",1025
"588",1026
"589",1027
"590",1028
"591",1029
"592",1030
"593",1031
"594",1032
"595",1033
"596",1034
"597",1035
"598",1036
"599",1037
"600",1038
"601",1039
"602",1040
"603",1041
"604",1042
"605",1043
"606",1044
"607",1045
"608",1046
"609",1047
"610",1048
"611",1049
"612",1050
"613",1051
"614",1052
"615",1053
"616",1054
"617",1055
"618",1056
"619",1057
"620",1058
"621",1059
"622",1060
"623",1061
"624",1062
"625",1063
"626",1064
"627",1065
"628",1066
"629",1067
"630",1068
"631",1069
"632",1070
"633",1071
"634",1072
"635",1073
"636",1074
"637",1075
"638",1077
"639",1078
"640",1079
"641",1080
"642",1081
"643",1082
"644",1083
"645",1084
"646",1085
"647",1087
"648",1089
"649",1090
"650",1091
"651",1092
"652",1093
"653",1094
"654",1095
"655",1096
"656",1097
"657",1098
"658",1099
"659",1101
"660",1102
"661",1103
"662",1104
"663",1105
"664",1106
"665",1107
"666",1108
"667",1109
"668",1110
"669",1111
"670",1112
"671",1113
"672",1114
"673",1115
"674",1116
"675",1117
"676",1118
"677",1119
"678",1120
"679",1121
"680",1122
"681",1123
"682",1124
"683",1125
"684",1126
"685",1127
"686",1128
"687",1129
"688",1130
"689",1131
"690",1134
"691",1138
"692",1139
"693",1140
"694",1141
"695",1142
"696",1143
"697",1144
"698",1146
"699",1147
"700",1148
"701",1149
"702",1151
"703",1152
"704",1153
"705",1154
"706",1155
"707",1156
"708",1157
"709",1159
"710",1161
"711",1162
"712",1163
"713",1164
"714",1165
"715",1166
"716",1167
"717",1168
"718",1169
"719",1170
"720",1171
"721",1172
"722",1173
"723",1174
"724",1175
"725",1177
"726",1178
"727",1179
"728",1180
"729",1181
"730",1182
"731",1183
"732",1184
"733",1185
"734",1187
"735",1188
"736",1189
"737",1190
"738",1191
"739",1192
"740",1193
"741",1194
"742",1195
"743",1196
"744",1197
"745",1198
"746",1199
"747",1200
"748",1201
"749",1202
"750",1203
"751",1204
"752",1205
"753",1206
"754",1207
"755",1208
"756",1210
"757",1212
"758",1213
"759",1215
"760",1216
"761",1217
"762",1218
"763",1219
"764",1220
"765",1221
"766",1222
"767",1223
"768",1224
"769",1225
"770",1226
"771",1227
"772",1228
"773",1229
"774",1231
"775",1233
"776",1235
"777",1236
"778",1237
"779",1238
"780",1239
"781",1241
"782",1242
"783",1244
"784",1245
"785",1246
"786",1247
"787",1248
"788",1249
"789",1250
"790",1251
"791",1252
"792",1253
"793",1254
"794",1255
"795",1258
"796",1259
"797",1260
"798",1262
"799",1264
"800",1265
"801",1266
"802",1267
"803",1269
"804",1270
"805",1271
"806",1272
"807",1273
"808",1274
"809",1275
"810",1277
"811",1278
"812",1280
"813",1281
"814",1282
"815",1283
"816",1284
"817",1286
"818",1287
"819",1288
"820",1289
"821",1290
"822",1291
"823",1292
"824",1293
"825",1294
"826",1295
"827",1296
"828",1297
"829",1298
"830",1300
"831",1302
"832",1303
"833",1304
"834",1305
"835",1306
"836",1307
"837",1308
"838",1309
"839",1311
"840",1312
"841",1313
"842",1314
"843",1315
"844",1316
"845",1317
"846",1318
"847",1321
"848",1322
"849",1323
