,id,sex_gen_resid
0,44902,-459.553656633268
1,51202,-11.55365663326802
2,120502,142.58765640484296
3,48402,-23.41234359515704
4,41402,12.58765640484296
5,130502,-144.55365663326802
6,59402,-173.55365663326802
7,105602,-108.55365663326802
8,71702,-27.41234359515704
9,96702,146.44634336673198
10,141002,23.58765640484296
11,43002,-44.41234359515704
12,117502,285.446343366732
13,102902,-59.41234359515704
14,100902,55.44634336673198
15,52802,112.44634336673198
16,109902,-100.55365663326802
17,58802,140.44634336673198
18,53702,172.58765640484296
19,37902,106.58765640484296
20,106702,12.44634336673198
21,76602,44.44634336673198
24,104302,32.44634336673198
25,129202,-34.55365663326802
26,145502,343.58765640484296
27,127202,-93.41234359515704
28,104802,-410.41234359515704
29,103002,1.58765640484296
30,50002,98.44634336673198
32,45102,-200.41234359515704
33,94002,68.44634336673198
35,108902,-56.41234359515704
36,142402,16.58765640484296
37,70102,-270.41234359515704
38,70402,-355.41234359515704
39,50502,145.58765640484296
40,80502,305.446343366732
41,104002,230.58765640484296
42,104402,356.446343366732
43,131402,-144.55365663326802
44,81402,-96.41234359515704
45,62602,-57.55365663326802
46,61102,18.58765640484296
47,74102,152.44634336673198
48,81602,57.44634336673198
49,124402,20.58765640484296
50,108702,81.58765640484296
51,38002,77.58765640484296
52,98802,238.58765640484296
53,115302,136.44634336673198
54,99702,61.58765640484296
57,93202,-69.41234359515704
58,116102,280.446343366732
59,56602,260.58765640484296
60,122802,-177.55365663326802
61,127702,117.44634336673198
62,129802,187.58765640484296
63,98202,199.58765640484296
65,67702,75.58765640484296
66,82502,-148.41234359515704
67,68702,-117.55365663326802
68,131602,-222.55365663326802
69,106202,-93.41234359515704
70,140602,-54.41234359515704
71,110902,267.446343366732
72,85002,44.44634336673198
73,35502,-5.5536566332680195
74,97602,258.446343366732
75,91702,-255.41234359515704
76,78602,182.44634336673198
77,100802,95.58765640484296
79,118102,30.44634336673198
80,63002,41.58765640484296
81,108502,112.44634336673198
82,56802,91.58765640484296
83,110602,-54.55365663326802
84,82702,-257.41234359515704
85,85102,85.58765640484296
87,69602,-221.41234359515704
89,105202,-120.41234359515704
90,113902,41.44634336673198
91,58902,113.58765640484296
92,55202,167.44634336673198
93,35102,274.446343366732
94,40702,42.44634336673198
95,44002,-134.41234359515704
96,48302,112.58765640484296
97,72402,62.58765640484296
98,132202,-216.55365663326802
99,69802,-146.41234359515704
100,49202,-151.55365663326802
101,139202,-102.41234359515704
102,93602,-61.55365663326802
103,69302,-12.55365663326802
104,80202,14.44634336673198
105,60302,237.44634336673198
106,94502,-146.41234359515704
107,85502,164.44634336673198
108,57702,167.58765640484296
110,118302,109.58765640484296
111,128402,-40.55365663326802
112,118702,206.58765640484296
113,85402,35.58765640484296
114,139002,102.58765640484296
115,88702,21.44634336673198
116,73602,-424.41234359515704
117,139102,280.58765640484296
118,94802,-84.41234359515704
119,39902,120.44634336673198
120,83302,-273.41234359515704
121,66302,-61.41234359515704
122,125802,-77.41234359515704
123,112202,139.44634336673198
124,80302,87.44634336673198
125,103902,131.44634336673198
126,96102,-76.55365663326802
127,99502,162.44634336673198
129,42802,-19.41234359515704
130,66602,29.44634336673198
131,101302,-243.41234359515704
132,98302,140.58765640484296
133,96202,-67.41234359515704
134,95802,212.44634336673198
135,139702,-113.41234359515704
136,65102,243.44634336673198
137,64402,-16.41234359515704
138,41702,-167.55365663326802
139,117102,19.44634336673198
140,101702,-131.55365663326802
141,68602,47.58765640484296
142,143202,259.446343366732
143,68902,-5.5536566332680195
144,85602,47.58765640484296
145,110502,-63.41234359515704
146,56102,479.446343366732
147,105502,-279.41234359515704
148,37202,-246.41234359515704
149,50202,77.44634336673198
150,57902,108.58765640484296
151,124102,-193.41234359515704
152,56502,120.44634336673198
153,72602,31.44634336673198
154,94302,85.58765640484296
155,95702,-167.41234359515704
156,101502,-63.55365663326802
157,81702,130.58765640484296
158,67602,57.58765640484296
159,99602,75.44634336673198
160,146902,-108.55365663326802
161,62902,-45.41234359515704
162,74202,-86.41234359515704
163,104602,133.58765640484296
164,60002,-8.41234359515704
166,64202,199.44634336673198
167,72202,223.44634336673198
168,135102,-49.41234359515704
169,84902,7.58765640484296
170,77202,-99.55365663326802
171,143002,62.58765640484296
172,142002,228.44634336673198
173,114902,-29.55365663326802
174,67102,231.44634336673198
175,39002,440.58765640484296
176,105102,-329.41234359515704
178,80102,-26.41234359515704
179,130802,50.44634336673198
180,52502,-145.55365663326802
181,100002,132.58765640484296
182,108402,-34.55365663326802
183,120602,-29.55365663326802
184,107102,112.58765640484296
185,109502,265.446343366732
186,38302,-78.55365663326802
187,86202,-25.41234359515704
188,44102,-230.41234359515704
189,93502,-260.41234359515704
190,138402,-370.41234359515704
191,63802,-27.55365663326802
192,54802,25.44634336673198
193,122402,-7.41234359515704
194,48902,-9.41234359515704
196,111602,102.44634336673198
197,52002,-86.55365663326802
198,76502,-156.55365663326802
199,137402,245.44634336673198
201,58202,42.44634336673198
202,37102,-35.55365663326802
203,52902,-244.41234359515704
204,40002,-53.55365663326802
205,118902,-90.55365663326802
206,68802,191.58765640484296
207,87402,-77.41234359515704
208,135002,100.58765640484296
209,74302,59.44634336673198
210,87802,84.44634336673198
211,59302,-26.41234359515704
212,119102,116.58765640484296
213,68002,191.58765640484296
214,136302,7.58765640484296
215,132802,-0.41234359515704
216,138302,73.58765640484296
217,88802,48.58765640484296
218,90802,-192.41234359515704
219,113402,104.44634336673198
220,100602,-30.41234359515704
222,102402,81.58765640484296
223,65902,-243.55365663326802
224,143402,-100.41234359515704
225,141902,153.44634336673198
226,72902,21.44634336673198
227,134402,163.58765640484296
228,107202,-117.55365663326802
229,137702,239.58765640484296
230,84202,145.58765640484296
231,83502,87.58765640484296
232,116902,189.44634336673198
233,129702,-230.41234359515704
234,63902,-196.55365663326802
235,35202,-12.41234359515704
237,132902,-161.41234359515704
238,41002,211.58765640484296
239,131302,-159.55365663326802
240,142102,120.58765640484296
241,38602,-93.41234359515704
242,78402,28.44634336673198
243,60402,-262.41234359515704
244,115602,13.58765640484296
245,135402,-158.55365663326802
246,118002,157.44634336673198
247,143602,82.44634336673198
248,122202,77.44634336673198
249,98902,-95.55365663326802
250,73302,-93.41234359515704
251,109602,-103.41234359515704
252,44202,-194.55365663326802
253,35902,106.58765640484296
254,102302,-276.553656633268
255,107802,180.58765640484296
256,56402,203.58765640484296
257,60602,71.58765640484296
258,41302,-228.55365663326802
259,117902,193.58765640484296
260,86602,174.44634336673198
261,35002,196.44634336673198
262,63302,354.446343366732
263,58502,12.58765640484296
264,53202,-78.41234359515704
265,76402,-15.41234359515704
266,72302,-296.41234359515704
267,88402,-7.41234359515704
268,116402,2.58765640484296
269,103402,-49.41234359515704
270,44602,-27.41234359515704
273,59802,27.44634336673198
274,118502,35.58765640484296
275,46102,-22.41234359515704
276,98402,299.446343366732
277,130602,-345.41234359515704
278,123302,-60.41234359515704
279,79702,69.58765640484296
280,56902,143.58765640484296
281,90002,49.58765640484296
282,77602,43.44634336673198
283,108302,-91.55365663326802
284,41102,-12.55365663326802
285,72802,-401.553656633268
286,81102,119.58765640484296
287,57102,28.44634336673198
288,36802,3.58765640484296
289,36402,71.44634336673198
290,91302,-51.55365663326802
292,65502,-54.55365663326802
293,70302,-417.41234359515704
294,130902,-217.41234359515704
295,73902,181.58765640484296
296,66202,-24.41234359515704
297,116702,-214.41234359515704
298,122702,23.44634336673198
300,64002,112.44634336673198
301,119602,-90.41234359515704
302,77502,-3.41234359515704
303,44502,107.58765640484296
304,93802,184.58765640484296
305,53602,-134.55365663326802
306,84302,153.44634336673198
307,103102,132.44634336673198
308,50102,-77.55365663326802
309,133902,-260.553656633268
310,135202,27.58765640484296
311,81902,125.58765640484296
313,110302,-55.41234359515704
314,54602,217.44634336673198
315,60502,95.44634336673198
316,40502,22.58765640484296
317,122902,-69.55365663326802
318,54902,52.44634336673198
319,109402,-44.55365663326802
320,85702,-164.41234359515704
321,84502,96.58765640484296
322,50402,-141.55365663326802
323,119902,80.58765640484296
324,138702,144.44634336673198
325,68202,-263.553656633268
326,80402,-381.553656633268
327,55402,101.58765640484296
328,78202,33.58765640484296
329,78902,-98.41234359515704
330,83602,-197.55365663326802
331,79402,47.44634336673198
332,96602,220.58765640484296
333,67402,337.446343366732
334,120202,109.58765640484296
335,70002,196.44634336673198
336,97502,127.58765640484296
337,100402,32.44634336673198
338,141602,297.58765640484296
339,102802,-29.55365663326802
340,109002,194.44634336673198
341,87002,-13.41234359515704
342,120702,-7.5536566332680195
343,69102,120.58765640484296
344,46702,-151.41234359515704
345,89502,203.44634336673198
346,129002,204.44634336673198
347,60902,-10.55365663326802
348,136902,-61.55365663326802
349,109802,257.446343366732
350,111702,-256.41234359515704
351,44302,-230.41234359515704
352,37302,10.58765640484296
353,54202,133.58765640484296
354,123602,-79.55365663326802
355,61402,-83.41234359515704
356,51402,242.44634336673198
357,100202,50.58765640484296
358,59002,-35.55365663326802
359,96302,301.446343366732
360,51002,-142.41234359515704
361,119702,81.44634336673198
362,50702,-167.55365663326802
363,96902,353.446343366732
364,129402,-306.553656633268
365,113102,-26.41234359515704
366,78302,377.446343366732
367,91202,-306.41234359515704
368,106002,110.44634336673198
369,47002,-34.41234359515704
370,102002,-345.553656633268
371,82802,-265.41234359515704
372,38802,-37.55365663326802
373,136702,95.58765640484296
375,82902,-142.41234359515704
376,88502,-275.41234359515704
377,125302,-133.55365663326802
378,82302,222.44634336673198
379,79802,-192.41234359515704
380,45602,-95.55365663326802
381,93102,-348.41234359515704
383,79502,42.58765640484296
384,110402,181.58765640484296
385,127802,230.44634336673198
387,134202,1.4463433667319805
388,53402,211.58765640484296
389,81002,119.58765640484296
390,62502,-363.553656633268
391,63502,-35.41234359515704
392,48602,3.4463433667319805
393,76302,-77.55365663326802
394,80002,-176.55365663326802
395,72002,-254.41234359515704
396,75402,-165.55365663326802
397,108002,-137.41234359515704
398,120802,144.58765640484296
399,78502,-362.553656633268
400,111202,54.44634336673198
401,119202,458.446343366732
402,60802,-48.41234359515704
403,55002,96.44634336673198
404,62202,21.44634336673198
405,146302,-112.41234359515704
406,87502,55.58765640484296
407,65702,44.58765640484296
408,67802,-12.41234359515704
409,68102,-43.41234359515704
411,70902,-211.41234359515704
412,71002,-35.55365663326802
413,105002,-112.41234359515704
414,69702,-179.55365663326802
415,37402,158.44634336673198
416,134002,112.58765640484296
417,78802,-358.41234359515704
418,73402,-112.41234359515704
419,89102,21.58765640484296
420,110202,-291.553656633268
421,39302,-97.55365663326802
422,128702,-181.55365663326802
423,135902,-211.41234359515704
424,138602,180.58765640484296
425,111802,-0.41234359515704
426,91402,109.44634336673198
427,80702,-175.55365663326802
428,53902,287.446343366732
429,67202,127.44634336673198
430,71502,-16.41234359515704
431,89402,258.446343366732
432,76902,-227.55365663326802
433,77102,-90.41234359515704
434,86902,138.58765640484296
435,46802,-4.5536566332680195
436,106102,297.58765640484296
438,80802,155.44634336673198
439,126502,-29.55365663326802
440,130402,-286.41234359515704
441,90902,-207.41234359515704
442,56202,337.446343366732
443,142202,69.58765640484296
444,118202,67.58765640484296
445,123702,-34.55365663326802
446,85902,-321.553656633268
447,75102,-57.41234359515704
448,63602,146.44634336673198
449,97002,60.58765640484296
450,121702,-100.55365663326802
451,58002,-117.55365663326802
452,48202,-42.55365663326802
453,40402,-20.55365663326802
454,44702,1.58765640484296
455,46202,-146.55365663326802
456,84602,54.58765640484296
457,49702,-26.41234359515704
459,88902,-52.55365663326802
460,99902,17.58765640484296
461,91502,-202.55365663326802
462,101402,-109.55365663326802
463,140802,80.58765640484296
464,103602,131.58765640484296
465,95902,318.58765640484296
466,73702,151.58765640484296
467,92002,396.58765640484296
468,105802,81.58765640484296
469,111302,168.44634336673198
470,144502,-212.55365663326802
471,62102,-147.55365663326802
472,100302,46.58765640484296
473,38102,-408.41234359515704
474,114602,-146.55365663326802
475,124802,-291.41234359515704
476,52602,149.58765640484296
477,89202,28.58765640484296
478,99802,62.58765640484296
479,55802,181.44634336673198
480,136102,101.44634336673198
481,68302,89.44634336673198
482,142802,59.58765640484296
483,113802,225.58765640484296
484,95002,89.58765640484296
485,58602,-86.55365663326802
486,38702,19.58765640484296
487,62402,-79.55365663326802
488,44802,-154.55365663326802
489,42902,-390.553656633268
490,134702,37.58765640484296
491,141402,112.44634336673198
492,124202,197.58765640484296
493,140402,271.446343366732
494,55502,227.44634336673198
495,79602,121.58765640484296
496,92302,59.58765640484296
497,95402,-113.41234359515704
498,90202,350.446343366732
499,96802,104.44634336673198
500,100102,39.58765640484296
501,87202,-248.55365663326802
502,57602,-15.41234359515704
503,94202,-46.41234359515704
504,83702,-362.553656633268
505,57002,85.58765640484296
506,36002,84.58765640484296
507,59202,140.58765640484296
508,111902,-25.55365663326802
509,83002,120.44634336673198
510,79002,183.58765640484296
511,140302,45.58765640484296
512,107702,-3.41234359515704
513,116602,19.44634336673198
514,128202,188.44634336673198
515,73502,-77.41234359515704
516,115102,81.44634336673198
517,117802,207.58765640484296
518,110102,-59.41234359515704
519,67302,-93.41234359515704
520,49802,15.58765640484296
521,104502,58.58765640484296
522,83202,91.44634336673198
523,55602,-61.41234359515704
524,59502,-31.41234359515704
525,129602,95.58765640484296
526,101802,-148.41234359515704
527,124502,-124.55365663326802
528,73002,349.446343366732
530,131802,-298.41234359515704
531,112702,85.44634336673198
532,90102,364.58765640484296
533,81202,148.58765640484296
534,56702,-71.41234359515704
535,63402,0.58765640484296
536,37602,125.44634336673198
537,128602,-207.55365663326802
538,112102,-10.41234359515704
539,98002,3.4463433667319805
540,37002,-19.55365663326802
541,117402,300.446343366732
542,83102,-30.55365663326802
543,139902,225.44634336673198
544,88002,77.44634336673198
546,138902,-186.55365663326802
547,41802,-176.55365663326802
548,112802,-182.55365663326802
549,135602,17.58765640484296
550,45302,-90.55365663326802
551,35302,-48.55365663326802
552,61902,-214.41234359515704
553,39502,-226.55365663326802
554,63702,81.58765640484296
555,130202,235.44634336673198
556,76702,64.58765640484296
557,99202,-191.55365663326802
558,135502,406.446343366732
559,50802,-373.41234359515704
560,71802,-116.55365663326802
561,66902,-8.41234359515704
562,52202,-161.55365663326802
563,98702,-96.55365663326802
564,38902,379.446343366732
565,134902,112.44634336673198
566,56002,193.58765640484296
567,78102,-61.55365663326802
568,47402,-72.55365663326802
569,131102,51.58765640484296
570,41202,-347.553656633268
571,125102,-225.55365663326802
572,122502,10.44634336673198
573,99002,-242.55365663326802
574,138102,-103.41234359515704
575,52102,314.446343366732
576,58702,-10.41234359515704
577,43902,-35.41234359515704
578,126402,30.44634336673198
579,141502,179.58765640484296
580,42502,141.58765640484296
581,84402,-51.41234359515704
582,112302,-61.55365663326802
583,57802,-39.41234359515704
585,105902,12.58765640484296
586,139302,86.58765640484296
587,35702,147.58765640484296
588,97902,-390.553656633268
589,45502,-154.41234359515704
590,62802,110.44634336673198
591,144302,135.58765640484296
592,122102,201.44634336673198
593,143702,43.58765640484296
594,94102,169.58765640484296
595,50302,13.58765640484296
596,115502,50.44634336673198
597,64502,211.44634336673198
598,35602,-72.55365663326802
599,135302,32.58765640484296
600,84102,-271.553656633268
601,95202,151.58765640484296
602,71102,76.44634336673198
603,107502,355.446343366732
604,103802,235.58765640484296
605,70202,178.58765640484296
606,36602,16.58765640484296
607,84702,61.44634336673198
608,83802,-67.41234359515704
610,109102,16.58765640484296
611,111502,-423.41234359515704
612,106802,-29.55365663326802
614,79202,100.44634336673198
615,82002,-206.55365663326802
616,107902,221.44634336673198
618,47202,-250.55365663326802
619,99302,168.58765640484296
620,75202,-195.55365663326802
621,41902,-29.55365663326802
623,85302,-446.553656633268
624,103302,-221.55365663326802
625,104702,-115.41234359515704
626,77702,-420.553656633268
627,36702,-58.55365663326802
628,86702,-76.55365663326802
629,42702,-251.55365663326802
630,86102,-133.41234359515704
631,99402,254.58765640484296
632,53302,251.44634336673198
633,120302,39.58765640484296
634,64102,-205.41234359515704
635,126702,-228.55365663326802
636,124602,93.58765640484296
637,36202,-7.41234359515704
638,92702,-16.55365663326802
639,105702,-291.41234359515704
640,102702,-124.41234359515704
641,121002,104.44634336673198
642,69002,-95.41234359515704
643,64902,-112.55365663326802
644,61602,-240.55365663326802
645,50602,-271.553656633268
646,123902,-64.55365663326802
647,102602,332.58765640484296
649,114202,-56.55365663326802
650,102502,-46.55365663326802
651,132302,4.58765640484296
652,124902,-68.55365663326802
653,86502,-176.55365663326802
654,121302,92.58765640484296
655,76002,-10.41234359515704
656,40602,-90.55365663326802
657,95302,77.58765640484296
658,87702,132.44634336673198
659,114702,64.44634336673198
660,78702,-335.41234359515704
661,145302,218.58765640484296
663,87102,2.58765640484296
664,125002,-314.553656633268
665,56302,4.4463433667319805
666,130302,-28.41234359515704
667,111102,128.44634336673198
668,65602,-52.41234359515704
669,127302,-100.55365663326802
670,133302,-17.41234359515704
671,142602,-77.41234359515704
672,105302,-330.553656633268
673,45202,-0.41234359515704
674,103502,2.4463433667319805
675,64302,14.58765640484296
676,93702,-339.553656633268
677,113002,-29.41234359515704
678,88602,-49.41234359515704
679,51302,25.44634336673198
680,61502,-261.41234359515704
681,95102,-55.41234359515704
682,52702,162.44634336673198
683,53002,-117.55365663326802
684,51602,-267.553656633268
685,109702,-9.41234359515704
686,64702,227.44634336673198
687,140002,432.446343366732
689,42102,-171.55365663326802
691,92202,-64.41234359515704
692,106602,205.58765640484296
693,77002,112.58765640484296
694,79302,166.58765640484296
695,146402,-230.41234359515704
696,39102,65.44634336673198
697,131702,-123.55365663326802
698,138202,-15.55365663326802
699,66502,-49.55365663326802
700,97802,53.58765640484296
701,42202,-89.55365663326802
703,71302,-436.553656633268
704,90302,62.58765640484296
705,136402,129.44634336673198
706,77302,-89.55365663326802
707,103202,-151.55365663326802
708,89802,-229.55365663326802
709,115402,-100.41234359515704
710,50902,139.58765640484296
711,134102,-27.41234359515704
712,121802,36.58765640484296
713,58302,128.58765640484296
714,97202,82.58765640484296
715,40202,18.58765640484296
716,80902,16.44634336673198
717,35402,124.44634336673198
718,52302,11.44634336673198
719,119802,292.446343366732
720,51702,-294.553656633268
721,49302,144.44634336673198
722,131502,89.44634336673198
723,54102,-158.55365663326802
724,116202,57.44634336673198
725,79102,238.44634336673198
726,142502,64.44634336673198
727,110702,-35.41234359515704
728,55902,-29.41234359515704
729,101202,-239.55365663326802
730,104202,68.58765640484296
731,133602,-56.41234359515704
732,75902,57.44634336673198
733,120402,-45.55365663326802
734,82402,318.446343366732
735,125202,-498.553656633268
736,94602,32.58765640484296
737,86302,248.58765640484296
738,142902,193.58765640484296
739,104102,-444.553656633268
740,137802,-195.41234359515704
741,88102,-79.55365663326802
742,97702,-27.55365663326802
743,120102,34.58765640484296
744,142302,-175.55365663326802
745,94402,-292.41234359515704
746,39402,-14.41234359515704
747,40302,-81.41234359515704
748,69202,127.44634336673198
749,116302,50.44634336673198
750,62002,-235.41234359515704
751,90502,123.44634336673198
752,119502,142.58765640484296
753,63102,131.44634336673198
754,111402,398.446343366732
755,137302,-58.41234359515704
756,86402,-271.41234359515704
757,66802,-186.41234359515704
758,55702,183.44634336673198
759,100502,-290.41234359515704
760,53802,191.58765640484296
761,96402,120.44634336673198
762,36502,-72.55365663326802
763,93302,223.58765640484296
764,134302,121.58765640484296
765,141302,164.44634336673198
766,61202,-106.41234359515704
767,59102,128.58765640484296
768,137902,103.58765640484296
769,70702,106.58765640484296
770,115702,-7.5536566332680195
771,145202,282.446343366732
772,54502,243.58765640484296
773,86802,-53.55365663326802
774,53102,-31.41234359515704
775,59602,102.58765640484296
776,133102,148.44634336673198
777,44402,7.58765640484296
778,83402,75.58765640484296
779,65002,-104.55365663326802
780,52402,90.58765640484296
781,98602,239.44634336673198
782,114402,5.4463433667319805
784,121602,109.44634336673198
785,36102,274.446343366732
786,94702,110.58765640484296
787,116502,-267.553656633268
788,115902,-147.41234359515704
789,141202,34.58765640484296
790,36902,77.58765640484296
791,125402,53.44634336673198
792,99102,-141.55365663326802
793,112002,-384.41234359515704
795,69902,-48.41234359515704
796,70602,-341.41234359515704
797,145402,171.44634336673198
798,60102,-229.55365663326802
799,89902,122.58765640484296
800,65202,115.44634336673198
801,74502,-45.55365663326802
802,90702,-9.41234359515704
803,59702,-10.41234359515704
805,72102,-142.55365663326802
807,91602,-55.55365663326802
808,120002,94.58765640484296
809,112902,-175.55365663326802
810,85202,-407.41234359515704
812,75602,-172.55365663326802
813,51102,147.58765640484296
814,130002,-175.55365663326802
815,98102,-9.41234359515704
816,37802,-54.41234359515704
817,66402,-128.41234359515704
818,64802,-50.41234359515704
819,119402,-297.41234359515704
820,72502,-62.55365663326802
821,35802,79.44634336673198
822,122002,-33.41234359515704
823,49502,-335.41234359515704
824,125902,99.58765640484296
825,126002,0.58765640484296
826,104902,-1.5536566332680195
827,65402,-51.55365663326802
828,61302,61.44634336673198
829,114102,-271.41234359515704
830,140702,43.58765640484296
831,93402,-0.5536566332680195
832,39602,69.44634336673198
833,87602,332.58765640484296
834,60202,24.44634336673198
835,129502,-160.55365663326802
836,123802,-211.55365663326802
837,54702,433.446343366732
838,80602,-251.55365663326802
839,85802,122.44634336673198
840,140202,210.58765640484296
841,117302,-28.41234359515704
842,122302,303.58765640484296
844,103702,-138.55365663326802
845,100702,-52.41234359515704
846,112602,-15.41234359515704
847,66002,-49.41234359515704
848,107002,-86.55365663326802
849,98502,209.58765640484296
851,129102,212.44634336673198
852,75302,-221.41234359515704
853,38502,-25.41234359515704
854,51502,165.58765640484296
855,109302,81.44634336673198
856,132502,80.58765640484296
858,133202,-38.41234359515704
859,97302,-180.55365663326802
860,147002,-197.41234359515704
861,67902,64.58765640484296
862,41602,-74.55365663326802
863,127102,-250.41234359515704
864,117202,98.44634336673198
865,106502,160.44634336673198
866,122602,-80.55365663326802
867,54302,-9.41234359515704
868,40802,-94.55365663326802
869,109202,-24.41234359515704
870,46302,-100.41234359515704
871,138002,214.58765640484296
872,74602,105.44634336673198
873,128102,107.58765640484296
874,116802,250.44634336673198
875,110802,165.58765640484296
876,112402,15.58765640484296
877,36302,-116.41234359515704
878,106402,274.58765640484296
879,101002,283.446343366732
880,40902,15.58765640484296
882,92902,-27.41234359515704
883,65802,1.4463433667319805
884,57502,62.58765640484296
886,105402,-183.55365663326802
887,49102,-105.55365663326802
888,123102,306.446343366732
889,137102,-8.55365663326802
890,118402,7.4463433667319805
891,144902,139.44634336673198
892,127502,-205.55365663326802
893,107302,51.58765640484296
894,106902,-22.55365663326802
895,129302,106.44634336673198
896,143502,342.58765640484296
897,73802,105.44634336673198
898,108102,9.58765640484296
899,123502,23.44634336673198
900,96502,345.446343366732
901,47902,-349.41234359515704
902,91802,66.44634336673198
903,62302,-95.41234359515704
904,77402,-4.5536566332680195
905,106302,111.58765640484296
906,147102,121.58765640484296
907,48502,-187.41234359515704
908,146802,218.58765640484296
911,102202,-491.553656633268
912,97402,-34.55365663326802
913,69402,-15.55365663326802
914,140102,13.58765640484296
915,111002,-64.55365663326802
916,51902,-152.41234359515704
917,62702,-187.41234359515704
918,87902,207.58765640484296
919,93002,41.58765640484296
920,61002,93.58765640484296
921,127402,-24.55365663326802
922,74002,202.58765640484296
923,42402,-362.553656633268
924,121502,-288.41234359515704
927,71402,48.58765640484296
928,66102,74.44634336673198
929,89002,99.58765640484296
930,339704,-80.10160629174675
931,355204,13.898393708253252
932,355804,89.75708067014216
933,352704,-65.10160629174675
934,344604,-138.24291932985784
935,340804,-56.24291932985784
936,376704,113.75708067014216
937,345704,204.75708067014216
938,341304,33.75708067014216
939,336804,151.75708067014216
940,375604,-55.10160629174675
941,377804,86.75708067014216
942,373204,107.75708067014216
943,352604,73.75708067014216
944,365904,49.89839370825325
945,358304,-86.10160629174675
946,364604,195.89839370825325
947,332904,-51.24291932985784
948,326304,3.898393708253252
949,370304,97.75708067014216
950,363804,-52.10160629174675
951,334004,18.898393708253252
952,357604,-61.24291932985784
953,367804,125.75708067014216
954,345404,-152.10160629174675
955,342204,-132.10160629174675
956,335204,3.757080670142159
957,333704,-3.101606291746748
958,367104,-60.24291932985784
959,345004,-89.24291932985784
960,327104,-72.10160629174675
961,366404,-61.10160629174675
962,354604,115.75708067014216
963,359304,83.89839370825325
964,378804,112.75708067014216
965,331504,24.75708067014216
966,347604,4.898393708253252
967,343704,-120.24291932985784
968,341204,-106.10160629174675
969,372504,135.75708067014216
970,331004,-93.10160629174675
971,371804,40.75708067014216
972,358604,92.75708067014216
973,343404,-16.101606291746748
974,331804,241.75708067014216
975,351604,54.89839370825325
976,347204,-253.10160629174675
977,330604,-61.10160629174675
978,350604,-67.10160629174675
979,345104,-42.10160629174675
980,333304,-138.24291932985784
981,377604,15.898393708253252
982,362504,-180.24291932985784
983,361804,-36.10160629174675
984,334104,114.75708067014216
985,327704,46.89839370825325
986,330304,-121.24291932985784
987,368704,-84.10160629174675
988,338104,8.757080670142159
989,340504,21.898393708253252
990,365704,186.75708067014216
991,344704,-93.10160629174675
992,354504,227.89839370825325
993,331704,17.898393708253252
994,368004,7.898393708253252
995,356504,4.757080670142159
996,347904,-39.24291932985784
997,338304,-190.24291932985784
998,356004,-54.10160629174675
999,358504,-222.24291932985784
1000,374304,-38.24291932985784
1001,346204,129.75708067014216
1002,364704,337.75708067014216
1003,329604,209.75708067014216
1004,326204,65.75708067014216
1005,337004,-61.10160629174675
1006,368804,66.75708067014216
1007,359204,-91.24291932985784
1008,366304,-25.24291932985784
1009,342704,118.75708067014216
1010,330904,-25.24291932985784
1011,339304,34.89839370825325
1012,343504,-47.10160629174675
1013,361304,61.89839370825325
1014,332804,2.898393708253252
1015,373604,-31.101606291746748
1016,346704,64.89839370825325
1017,335404,25.898393708253252
1018,376804,167.89839370825325
1019,347504,-123.24291932985784
1020,361204,-10.242919329857841
1021,357904,-165.10160629174675
1022,327004,-38.24291932985784
1023,337104,-249.24291932985784
1024,355004,11.757080670142159
1025,343604,-59.24291932985784
1026,370704,-13.101606291746748
1027,374104,32.89839370825325
1028,348204,35.89839370825325
1029,353804,-31.24291932985784
1030,375704,35.75708067014216
1031,360504,9.757080670142159
1032,367704,15.898393708253252
1033,364204,-77.24291932985784
1034,339204,-113.24291932985784
1035,349504,-92.24291932985784
1036,372004,78.89839370825325
1037,327904,-38.24291932985784
1038,339604,-24.24291932985784
1039,328904,-69.10160629174675
1040,351804,117.75708067014216
1041,344404,-2.242919329857841
1042,857306,-19.297929246333297
1043,841106,-421.1566162082222
1044,866506,127.7020707536667
1045,860306,137.8433837917778
1046,865306,215.7020707536667
1047,861206,-52.2979292463333
1048,853706,-181.1566162082222
1049,854406,-187.2979292463333
1050,840106,80.7020707536667
1051,864306,73.8433837917778
1052,856506,86.7020707536667
1053,853206,143.8433837917778
1054,855306,127.7020707536667
1055,854906,197.7020707536667
1056,852506,18.843383791777796
1057,848406,-292.1566162082222
1058,855806,-157.1566162082222
1059,855006,55.843383791777796
1060,862406,74.8433837917778
1061,842106,142.8433837917778
1062,864206,121.7020707536667
1063,840906,-283.2979292463333
1064,856806,-64.2979292463333
1065,861906,-100.1566162082222
1066,846206,51.843383791777796
1067,865206,258.8433837917778
1068,844806,101.7020707536667
1069,851006,-81.1566162082222
1070,847006,-333.2979292463333
1071,866106,-22.297929246333297
1072,862806,-77.1566162082222
1073,858206,61.843383791777796
1074,857206,-38.156616208222204
1075,846906,2.8433837917777964
1076,847306,-179.2979292463333
1077,848806,-227.1566162082222
1078,863706,91.7020707536667
1079,847806,-162.1566162082222
1080,844406,-86.1566162082222
1081,862906,173.7020707536667
1082,846306,139.7020707536667
1083,851806,-205.2979292463333
1084,851106,-123.2979292463333
1085,858906,224.7020707536667
1086,859506,111.8433837917778
1087,852106,-85.1566162082222
1088,845006,5.702070753666703
1089,843806,12.702070753666703
1090,842506,-23.297929246333297
1091,843306,-58.156616208222204
1092,849406,96.7020707536667
1093,864506,63.7020707536667
1094,856706,-128.1566162082222
1095,844106,159.7020707536667
1096,840206,82.8433837917778
1097,849706,267.8433837917778
1098,847406,-75.1566162082222
1099,861706,-36.2979292463333
1100,848706,-98.2979292463333
1101,846006,-113.2979292463333
1102,861006,-174.2979292463333
1103,863606,-22.297929246333297
1104,853106,-68.2979292463333
1105,855406,23.843383791777796
1106,841906,-133.1566162082222
1107,863206,111.7020707536667
1108,865106,169.8433837917778
1109,860706,155.8433837917778
1110,859606,277.7020707536667
1111,851406,-118.1566162082222
1112,843406,-89.2979292463333
1113,847506,-123.2979292463333
1114,844906,-44.156616208222204
1115,859906,371.8433837917778
1116,847906,262.7020707536667
1117,852906,126.7020707536667
1118,863306,86.7020707536667
1119,858806,2.8433837917777964
1120,860006,146.7020707536667
1121,841306,12.843383791777796
1122,854606,101.8433837917778
1123,840506,-123.1566162082222
1124,841706,-253.2979292463333
1125,843706,21.843383791777796
1126,845506,-295.1566162082222
1127,858406,-35.2979292463333
1128,854506,-106.1566162082222
1129,863806,110.8433837917778
1130,438310,80.19601014760792
1131,377710,-300.8039898523921
1132,375710,151.3373231857189
1133,377110,15.337323185718901
1134,438110,-31.80398985239208
1135,384510,-10.662676814281099
1136,430410,149.19601014760792
1137,387110,-164.80398985239208
1138,427410,-149.80398985239208
1139,427210,-255.80398985239208
1140,375310,118.19601014760792
1141,429710,185.3373231857189
1142,379410,-231.80398985239208
1143,375610,-7.662676814281099
1144,385710,-163.6626768142811
1145,431410,154.3373231857189
1146,373210,-18.80398985239208
1147,385610,70.3373231857189
1148,382910,43.3373231857189
1149,373510,-209.80398985239208
1150,387010,200.3373231857189
1151,384410,-115.6626768142811
1152,384810,-157.6626768142811
1153,374510,60.19601014760792
1154,386510,95.19601014760792
1155,382610,145.3373231857189
1156,377510,47.3373231857189
1157,379810,26.3373231857189
1158,382210,-228.6626768142811
1159,431510,480.1960101476079
1160,373910,-57.6626768142811
1161,431110,128.3373231857189
1162,383910,-87.80398985239208
1163,381510,-85.6626768142811
1164,386910,-81.6626768142811
1165,384910,-158.80398985239208
1166,386210,-105.6626768142811
1167,384710,-249.80398985239208
1168,386310,-101.6626768142811
1169,382110,-197.80398985239208
1170,426510,-9.662676814281099
1171,385810,0.3373231857189012
1172,373710,-322.8039898523921
1173,377010,158.3373231857189
1174,377210,125.19601014760792
1175,382710,28.3373231857189
1176,384310,-40.6626768142811
1177,379210,105.19601014760792
1178,376910,-71.80398985239208
1179,376210,-47.80398985239208
1180,378510,263.1960101476079
1181,386810,70.3373231857189
1182,434810,219.19601014760792
1183,374010,-37.6626768142811
1184,381610,144.19601014760792
1185,381410,96.19601014760792
1186,375110,90.19601014760792
1187,434310,224.3373231857189
1188,380310,140.19601014760792
1189,376010,-111.80398985239208
1190,549908,-3.703170154552936
1191,541808,-14.703170154552936
1192,519008,-175.84448319266397
1193,553808,68.29682984544706
1194,520108,-95.70317015455294
1195,520808,-106.84448319266397
1196,517508,-207.84448319266397
1197,560708,-6.703170154552936
1198,558008,-151.84448319266397
1199,531508,-254.84448319266397
1200,541608,139.29682984544706
1201,554208,-88.84448319266397
1202,561508,-45.703170154552936
1203,530108,-38.703170154552936
1204,558608,207.15551680733603
1206,531108,11.155516807336028
1207,554908,8.296829845447064
1208,540608,-187.70317015455294
1209,561608,-153.84448319266397
1210,560008,-55.84448319266397
1211,529908,-61.84448319266397
1212,540108,-189.84448319266397
1213,521708,37.15551680733603
1214,550908,238.29682984544706
1215,539608,-1.8444831926639722
1216,555208,-109.84448319266397
1217,561708,12.155516807336028
1218,559008,181.15551680733603
1219,558908,259.29682984544706
1220,554808,133.29682984544706
1221,551108,95.29682984544706
1222,528908,-30.844483192663972
1223,556308,79.29682984544706
1224,553108,-151.70317015455294
1225,540308,11.296829845447064
1226,550208,-92.70317015455294
1227,555108,-0.7031701545529359
1228,561808,96.29682984544706
1229,518008,-93.84448319266397
1230,532508,97.29682984544706
1231,555708,148.29682984544706
1232,520408,-262.844483192664
1233,517808,-21.703170154552936
1234,542408,3.296829845447064
1235,555608,171.29682984544706
1236,561908,-140.84448319266397
1237,540908,134.15551680733603
1238,528408,-48.703170154552936
1239,517108,-20.703170154552936
1240,550708,35.15551680733603
1241,534708,-86.84448319266397
1242,554708,38.15551680733603
1243,521608,-104.70317015455294
1244,518408,60.296829845447064
1245,549808,-51.703170154552936
1246,534108,29.296829845447064
1247,542608,-249.84448319266397
1248,539308,192.29682984544706
1249,556808,164.29682984544706
1250,533108,-15.703170154552936
1251,528808,54.296829845447064
1252,539708,-38.84448319266397
1253,557508,265.29682984544706
1254,518908,-39.703170154552936
1255,556408,255.29682984544706
1256,550508,-71.84448319266397
1257,532108,32.296829845447064
1258,516808,15.155516807336028
1259,551908,68.29682984544706
1260,555808,298.155516807336
1261,559408,4.296829845447064
1262,558208,65.29682984544706
1263,554308,184.29682984544706
1264,529608,-220.84448319266397
1265,550308,143.29682984544706
1266,556708,287.155516807336
1267,517408,59.296829845447064
1268,551708,-282.844483192664
1269,559508,25.155516807336028
1270,551508,64.15551680733603
1271,561008,23.155516807336028
1272,528208,71.29682984544706
1273,521808,98.29682984544706
1274,532208,75.29682984544706
1275,548208,-157.84448319266397
1276,527708,11.296829845447064
1277,540208,-195.84448319266397
1278,557108,30.155516807336028
1279,528508,-58.703170154552936
1280,519808,-274.844483192664
1281,559308,48.296829845447064
1282,530508,-171.84448319266397
1283,548808,42.296829845447064
1284,555408,76.15551680733603
1285,532408,47.15551680733603
1286,553408,156.29682984544706
1287,520208,-191.84448319266397
1288,547208,15.296829845447064
1289,553208,293.29682984544706
1290,540808,-71.84448319266397
1291,561208,44.296829845447064
1292,542008,-76.70317015455294
1293,548308,15.155516807336028
1294,552308,234.29682984544706
1295,516708,-42.84448319266397
1296,558308,49.15551680733603
1297,539808,128.29682984544706
1298,547708,52.296829845447064
1299,532008,184.15551680733603
1300,520608,-147.84448319266397
1301,554608,142.29682984544706
1302,554408,87.15551680733603
1303,547808,32.15551680733603
1304,529308,11.155516807336028
1305,549008,-106.84448319266397
1306,541308,106.29682984544706
1307,556908,48.15551680733603
1308,541508,202.29682984544706
1309,529408,-246.84448319266397
1310,546808,-67.70317015455294
1311,534808,-39.703170154552936
1312,528708,-26.703170154552936
1313,542108,-100.84448319266397
1314,531808,100.29682984544706
1315,540508,-82.70317015455294
1316,547108,108.29682984544706
1317,540008,98.29682984544706
1318,547008,152.29682984544706
1319,533208,141.29682984544706
1320,539908,-146.84448319266397
1321,531208,-121.70317015455294
1322,539508,-80.84448319266397
1323,521508,42.296829845447064
1324,531708,152.29682984544706
1325,539108,-157.84448319266397
1326,550008,-151.84448319266397
1327,549208,40.296829845447064
1328,557908,121.29682984544706
1329,521908,34.296829845447064
1330,530408,2.296829845447064
1331,531908,98.29682984544706
1332,530008,-154.70317015455294
1333,555908,65.29682984544706
1334,552808,-8.844483192663972
1335,549508,-250.84448319266397
1336,555508,233.15551680733603
1337,533808,59.15551680733603
1338,552108,-167.84448319266397
1339,522108,7.155516807336028
1340,558808,169.15551680733603
1341,522208,78.29682984544706
1342,527908,-266.844483192664
1343,548108,-155.84448319266397
1344,542708,-157.84448319266397
1345,532608,-234.84448319266397
1346,559808,219.29682984544706
1347,553708,224.29682984544706
1348,539408,103.29682984544706
1349,549308,42.15551680733603
1350,534208,-93.84448319266397
1351,557408,165.29682984544706
1352,556008,-195.84448319266397
1353,555008,-258.844483192664
1354,540408,-157.84448319266397
1355,551308,90.29682984544706
1356,562208,90.29682984544706
1357,558508,175.29682984544706
1358,542808,-132.84448319266397
1359,521108,-3.703170154552936
1360,519908,-134.70317015455294
1361,533408,38.296829845447064
1362,550608,54.296829845447064
1363,534608,-50.84448319266397
1364,520708,-228.84448319266397
1365,540708,-68.84448319266397
1366,517208,102.29682984544706
1367,519208,-173.84448319266397
1368,550408,150.29682984544706
1369,549408,98.15551680733603
1370,547508,260.29682984544706
1371,551008,-58.84448319266397
1372,529508,42.296829845447064
1373,529108,137.29682984544706
1374,529008,-49.703170154552936
1375,522308,-134.84448319266397
1376,553308,273.29682984544706
1377,552208,100.29682984544706
1378,541008,44.15551680733603
1379,531308,-83.70317015455294
1380,528308,75.29682984544706
1381,557008,163.29682984544706
1382,542508,-133.84448319266397
1384,553008,1.1555168073360278
1385,552908,-134.84448319266397
1386,530708,-324.844483192664
1387,556508,-32.84448319266397
1388,548708,52.296829845447064
1389,556208,69.15551680733603
1390,560508,110.29682984544706
1391,533708,-9.703170154552936
1392,561108,-277.844483192664
1393,528608,-42.84448319266397
1394,559708,-19.844483192663972
1395,532308,144.29682984544706
1396,550108,-108.70317015455294
1397,518808,-344.844483192664
1398,555308,163.15551680733603
1399,552008,-43.84448319266397
1400,558708,211.29682984544706
1401,559908,-34.84448319266397
1402,554508,-222.84448319266397
1403,530808,59.296829845447064
1404,547608,-19.703170154552936
1405,542308,-11.703170154552936
1406,541708,-4.703170154552936
1407,520308,-255.84448319266397
1408,519108,-28.844483192663972
1409,518308,41.296829845447064
1410,518208,-110.84448319266397
1411,530908,-163.84448319266397
1412,548608,40.296829845447064
1413,529708,-114.70317015455294
1415,533508,38.296829845447064
1416,531008,-61.84448319266397
1417,516908,48.296829845447064
1418,527808,-125.84448319266397
1419,518708,-97.70317015455294
1420,554108,137.29682984544706
1421,547408,-14.703170154552936
1422,562408,-167.84448319266397
1423,518508,-89.84448319266397
1424,557208,99.15551680733603
1425,517708,156.29682984544706
1426,541108,136.29682984544706
1427,520908,25.296829845447064
1428,541408,173.29682984544706
1429,557308,262.155516807336
1430,558108,271.155516807336
1431,531408,109.15551680733603
1432,559608,129.15551680733603
1433,519708,-53.703170154552936
1434,560808,-63.703170154552936
1435,560208,-2.844483192663972
1436,549108,118.29682984544706
1437,534408,-84.84448319266397
1438,533608,-60.84448319266397
1439,560408,-175.84448319266397
1440,517008,-89.84448319266397
1441,517908,-142.84448319266397
1442,548408,-38.703170154552936
1443,534308,-117.84448319266397
1444,546908,-154.84448319266397
1445,560108,83.15551680733603
1446,556608,314.29682984544706
1447,527608,-9.703170154552936
1448,533908,23.155516807336028
1449,550808,266.155516807336
1450,552708,94.15551680733603
1451,547308,-114.84448319266397
1452,554008,-261.844483192664
1453,520008,-206.70317015455294
1454,531608,58.15551680733603
1455,551408,175.29682984544706
1456,530208,51.296829845447064
1457,541908,-161.84448319266397
1458,556108,118.29682984544706
1459,552408,-112.84448319266397
1460,530608,-242.84448319266397
1461,521008,-65.70317015455294
1462,529208,53.296829845447064
1463,553908,15.296829845447064
1464,534008,8.155516807336028
1465,517608,-47.84448319266397
1466,517308,87.29682984544706
1467,519608,-268.844483192664
1468,532808,54.296829845447064
1469,553508,138.15551680733603
1470,549608,37.296829845447064
1471,522008,-67.84448319266397
1472,520508,-93.70317015455294
1473,557808,110.29682984544706
1474,557708,107.15551680733603
1475,534508,-96.70317015455294
1476,542208,14.296829845447064
1477,549708,-31.844483192663972
1478,561408,226.29682984544706
1479,528008,-238.84448319266397
1480,532908,27.155516807336028
1481,557608,120.29682984544706
1482,290315,-81.52449440553801
1483,297115,20.616818632572972
1484,282615,169.61681863257297
1485,298215,190.61681863257297
1486,238115,149.61681863257297
1487,321615,-209.524494405538
1488,302815,73.61681863257297
1489,327215,81.61681863257297
1490,286815,214.475505594462
1491,310915,-53.38318136742703
1492,311115,37.61681863257297
1493,275215,24.616818632572972
1494,280015,230.61681863257297
1495,305915,88.61681863257297
1496,288115,-177.524494405538
1497,246715,-109.52449440553801
1498,333515,118.47550559446199
1499,278915,-151.524494405538
1500,308215,-0.5244944055380074
1501,236615,-23.383181367427028
1502,304015,56.61681863257297
1503,325415,-270.383181367427
1504,301515,76.47550559446199
1505,302315,55.61681863257297
1506,313315,97.61681863257297
1507,305515,99.61681863257297
1508,253815,-117.52449440553801
1509,271515,-14.383181367427028
1510,238415,-319.524494405538
1511,260215,-16.383181367427028
1512,309215,-63.38318136742703
1513,251015,57.61681863257297
1514,255215,86.61681863257297
1515,273915,6.616818632572972
1516,258015,7.616818632572972
1517,256415,209.475505594462
1518,244815,-144.524494405538
1519,255315,46.61681863257297
1520,291615,27.616818632572972
1521,248915,-298.524494405538
1522,318715,-67.52449440553801
1523,325515,205.475505594462
1524,235315,-51.52449440553801
1525,257015,82.61681863257297
1526,245615,65.61681863257297
1527,296015,67.61681863257297
1528,295315,66.47550559446199
1529,235015,-226.524494405538
1530,283515,12.475505594461993
1531,303715,131.61681863257297
1532,315615,8.616818632572972
1533,237815,170.475505594462
1534,283615,-137.524494405538
1535,236315,9.475505594461993
1536,260615,24.616818632572972
1537,243115,-19.383181367427028
1538,307115,-91.52449440553801
1539,302415,9.616818632572972
1540,320015,151.475505594462
1541,322315,15.475505594461993
1542,271715,-142.524494405538
1543,285515,21.616818632572972
1544,291715,-87.52449440553801
1545,318215,-45.38318136742703
1546,294415,117.61681863257297
1547,330415,-38.52449440553801
1548,253915,-71.38318136742703
1549,246815,-26.383181367427028
1550,331415,43.61681863257297
1551,299015,98.61681863257297
1552,250315,-62.52449440553801
1553,329515,45.61681863257297
1554,237615,200.61681863257297
1555,301415,83.61681863257297
1556,234215,-57.38318136742703
1557,325115,-78.52449440553801
1558,287315,157.475505594462
1559,240415,82.47550559446199
1560,314815,29.475505594461993
1561,280515,-110.38318136742703
1562,278115,77.47550559446199
1563,311515,-139.38318136742703
1564,257815,10.616818632572972
1565,296415,-189.38318136742703
1566,246515,-76.38318136742703
1567,329615,-28.383181367427028
1568,312515,-42.52449440553801
1569,295515,-73.52449440553801
1570,276815,31.616818632572972
1571,273415,-257.383181367427
1572,302615,-0.5244944055380074
1573,293615,79.61681863257297
1574,261915,-209.38318136742703
1575,302915,-30.383181367427028
1576,301115,127.61681863257297
1577,249215,-288.383181367427
1578,310715,81.47550559446199
1579,312615,-58.38318136742703
1580,334515,157.61681863257297
1581,247415,27.616818632572972
1582,319215,-177.524494405538
1583,296215,133.61681863257297
1584,241915,267.616818632573
1585,292815,144.61681863257297
1586,298115,-17.524494405538007
1587,313615,157.61681863257297
1588,306615,36.61681863257297
1589,276215,29.475505594461993
1590,308815,205.61681863257297
1591,273715,113.61681863257297
1592,294915,-3.383181367427028
1593,252415,-71.38318136742703
1594,286615,84.61681863257297
1595,282715,50.61681863257297
1596,311715,17.616818632572972
1597,287915,-82.52449440553801
1598,242415,9.616818632572972
1599,319015,69.47550559446199
1600,299915,54.47550559446199
1601,277915,-22.383181367427028
1602,251515,-178.38318136742703
1603,329015,40.61681863257297
1604,331315,12.616818632572972
1605,256515,22.616818632572972
1606,281015,-66.38318136742703
1607,305715,199.475505594462
1608,272415,-146.524494405538
1609,287115,25.475505594461993
1610,305215,153.475505594462
1611,272015,-133.38318136742703
1612,312715,1.4755055944619926
1613,237215,0.4755055944619926
1614,293015,50.47550559446199
1615,317515,-110.52449440553801
1616,238015,-94.38318136742703
1617,242715,-113.52449440553801
1618,316815,14.475505594461993
1619,332715,116.61681863257297
1620,260015,51.61681863257297
1621,317015,-37.52449440553801
1622,291515,-373.383181367427
1623,245115,-10.524494405538007
1624,281815,35.47550559446199
1625,317815,-110.52449440553801
1626,295915,-187.524494405538
1627,241115,-8.524494405538007
1628,331915,29.475505594461993
1629,251715,183.61681863257297
1630,245715,46.47550559446199
1631,251215,-64.52449440553801
1632,317615,-156.38318136742703
1633,299715,-56.52449440553801
1634,289015,75.61681863257297
1635,244915,253.475505594462
1636,242615,-290.383181367427
1637,304615,86.47550559446199
1638,304715,142.61681863257297
1639,255615,-58.52449440553801
1640,320515,143.475505594462
1641,239015,-171.38318136742703
1642,291215,60.61681863257297
1643,280715,12.616818632572972
1644,245515,-92.38318136742703
1645,255515,63.47550559446199
1646,275315,10.616818632572972
1647,235115,136.475505594462
1648,248615,-130.524494405538
1649,323415,190.475505594462
1650,309915,132.61681863257297
1651,260815,-54.52449440553801
1652,326915,-438.524494405538
1653,296915,37.61681863257297
1654,334415,88.47550559446199
1655,242215,-156.38318136742703
1656,286115,-258.383181367427
1657,286315,-397.383181367427
1658,283915,-51.38318136742703
1659,309615,233.475505594462
1660,247315,-19.524494405538007
1661,322715,-132.38318136742703
1662,312215,-10.524494405538007
1663,235915,-17.383181367427028
1664,332415,39.47550559446199
1665,326715,-29.524494405538007
1666,330615,-37.52449440553801
1667,233015,-105.52449440553801
1668,300815,114.47550559446199
1669,329715,41.47550559446199
1670,332915,-43.38318136742703
1671,261315,-3.5244944055380074
1672,243515,163.61681863257297
1673,316315,60.61681863257297
1674,234915,122.47550559446199
1675,292215,-130.524494405538
1676,261515,124.61681863257297
1677,254915,130.475505594462
1678,280415,-120.38318136742703
1679,331015,-55.52449440553801
1680,330115,-103.38318136742703
1681,303215,108.61681863257297
1682,303515,129.61681863257297
1683,294215,117.47550559446199
1684,300215,-257.383181367427
1685,322415,160.475505594462
1686,300515,43.47550559446199
1687,323915,178.61681863257297
1688,279015,152.61681863257297
1689,239415,41.61681863257297
1690,285015,120.47550559446199
1691,243015,-216.38318136742703
1692,306715,106.61681863257297
1693,259715,-172.524494405538
1694,235715,15.475505594461993
1695,248215,72.47550559446199
1696,304515,24.616818632572972
1697,291815,-124.38318136742703
1698,272315,-209.38318136742703
1699,294115,173.61681863257297
1700,289915,133.61681863257297
1701,276915,211.475505594462
1702,312415,-3.383181367427028
1703,317315,-97.38318136742703
1704,329815,40.61681863257297
1705,305315,98.47550559446199
1706,313915,218.475505594462
1707,293415,19.475505594461993
1708,310515,-31.383181367427028
1709,292115,37.47550559446199
1710,287715,-91.38318136742703
1711,248315,-249.524494405538
1712,285215,-286.524494405538
1713,278815,104.61681863257297
1714,325815,15.616818632572972
1715,327015,134.61681863257297
1716,279515,32.61681863257297
1717,277815,196.61681863257297
1718,240315,143.61681863257297
1719,307515,84.61681863257297
1720,314915,-169.38318136742703
1721,235515,-22.524494405538007
1722,332315,-197.524494405538
1723,283815,-39.38318136742703
1724,319115,-146.38318136742703
1725,254815,82.47550559446199
1726,334115,-7.383181367427028
1727,288415,-60.52449440553801
1728,302015,-63.38318136742703
1729,240115,-134.524494405538
1730,272715,-243.38318136742703
1731,251615,188.61681863257297
1732,310015,182.61681863257297
1733,314615,-205.524494405538
1734,323015,110.47550559446199
1735,240815,-158.524494405538
1736,238315,67.47550559446199
1737,234615,17.616818632572972
1738,233415,-243.38318136742703
1739,274815,91.61681863257297
1740,280815,-19.524494405538007
1741,255715,53.61681863257297
1742,321115,-82.52449440553801
1743,306515,10.616818632572972
1744,251415,-93.38318136742703
1745,283715,22.616818632572972
1746,308915,140.61681863257297
1747,276115,165.475505594462
1748,319515,-56.38318136742703
1749,326015,83.47550559446199
1750,255915,140.61681863257297
1751,333415,43.61681863257297
1752,311815,-94.38318136742703
1753,249015,-171.524494405538
1754,237515,22.475505594461993
1755,248415,264.475505594462
1756,243815,-10.383181367427028
1757,276615,-30.524494405538007
1758,307015,-100.38318136742703
1759,305015,-170.524494405538
1760,273815,-26.524494405538007
1761,279615,-175.524494405538
1762,313215,63.47550559446199
1763,258715,-70.52449440553801
1764,252915,155.475505594462
1765,234415,-181.38318136742703
1766,253615,-37.52449440553801
1767,258115,93.61681863257297
1768,233915,90.47550559446199
1769,316215,2.4755055944619926
1770,247715,-167.524494405538
1771,260715,127.47550559446199
1772,301315,165.61681863257297
1773,299215,182.475505594462
1774,242315,-239.524494405538
1775,320915,88.47550559446199
1776,334615,174.475505594462
1777,233115,69.47550559446199
1778,284915,-87.38318136742703
1779,279115,74.61681863257297
1780,331615,25.616818632572972
1781,282515,-176.38318136742703
1782,271315,9.475505594461993
1783,298315,-82.38318136742703
1784,237915,-17.383181367427028
1785,297615,-297.524494405538
1786,291415,-47.38318136742703
1787,271215,-52.52449440553801
1788,318015,-133.38318136742703
1789,332115,-45.38318136742703
1790,320115,-22.524494405538007
1791,296315,10.616818632572972
1792,249715,-112.52449440553801
1793,306115,-58.38318136742703
1794,296815,30.616818632572972
1795,314115,42.61681863257297
1796,333015,-36.52449440553801
1797,315215,-9.383181367427028
1798,285415,-140.524494405538
1799,253315,-175.524494405538
1800,280215,143.61681863257297
1801,298515,-104.52449440553801
1802,329415,178.61681863257297
1803,317915,-190.524494405538
1804,319815,-253.38318136742703
1805,254015,50.47550559446199
1806,275515,24.616818632572972
1807,242515,-137.524494405538
1808,258415,-138.38318136742703
1809,274915,76.61681863257297
1810,323615,-70.52449440553801
1811,241315,190.61681863257297
1812,321915,-35.38318136742703
1813,304215,-41.52449440553801
1814,321215,-486.524494405538
1815,333815,105.47550559446199
1816,296515,46.61681863257297
1817,278715,118.61681863257297
1818,246415,-156.38318136742703
1819,280115,110.47550559446199
1820,291915,33.47550559446199
1821,254515,-77.52449440553801
1822,244515,89.47550559446199
1823,285615,112.47550559446199
1824,251115,157.61681863257297
1825,316015,9.616818632572972
1826,237015,-84.52449440553801
1827,292515,66.61681863257297
1828,237115,30.616818632572972
1829,322115,16.616818632572972
1830,254215,51.61681863257297
1831,233715,5.616818632572972
1832,280615,-122.52449440553801
1833,290415,111.47550559446199
1834,327315,92.61681863257297
1835,310415,105.47550559446199
1836,282315,76.61681863257297
1837,312015,-163.38318136742703
1838,326315,-42.38318136742703
1839,290815,47.47550559446199
1840,314215,209.61681863257297
1841,284115,68.47550559446199
1842,236915,2.616818632572972
1843,254715,113.61681863257297
1844,329315,140.61681863257297
1845,238215,-152.38318136742703
1846,328215,60.47550559446199
1847,245015,-310.383181367427
1848,289715,92.61681863257297
1849,331815,95.61681863257297
1850,281315,-9.383181367427028
1851,244215,-42.52449440553801
1852,252515,37.61681863257297
1853,242115,-198.524494405538
1854,299615,-165.38318136742703
1855,243715,-141.38318136742703
1856,281915,99.61681863257297
1857,327115,119.47550559446199
1858,319915,-59.38318136742703
1859,249315,-35.52449440553801
1860,327815,75.61681863257297
1861,233815,-195.524494405538
1862,233515,-113.52449440553801
1863,284815,-217.38318136742703
1864,289515,112.61681863257297
1865,313115,84.61681863257297
1866,312915,54.47550559446199
1867,255115,96.61681863257297
1868,317115,-168.524494405538
1869,277015,35.47550559446199
1870,236515,165.61681863257297
1871,233315,92.61681863257297
1872,247215,-137.524494405538
1873,313015,-46.52449440553801
1874,247115,-65.38318136742703
1875,240715,-131.38318136742703
1876,260415,-38.38318136742703
1877,293915,-143.524494405538
1878,259115,-13.383181367427028
1879,252615,209.61681863257297
1880,324915,154.475505594462
1881,241215,217.61681863257297
1882,236115,15.475505594461993
1883,241815,338.475505594462
1884,324115,-205.38318136742703
1885,240215,320.475505594462
1886,328815,-39.52449440553801
1887,257415,230.475505594462
1888,323115,57.61681863257297
1889,244715,125.47550559446199
1890,293115,-44.38318136742703
1891,249615,-29.524494405538007
1892,248115,-159.524494405538
1893,314715,71.61681863257297
1894,254115,13.616818632572972
1895,259015,-86.38318136742703
1896,289215,-26.524494405538007
1897,247515,-326.524494405538
1898,300415,-110.38318136742703
1899,293815,158.61681863257297
1900,301715,-8.383181367427028
1901,303815,-45.52449440553801
1902,260915,71.47550559446199
1903,257515,159.475505594462
1904,283015,32.47550559446199
1905,277515,-67.38318136742703
1906,272615,-315.524494405538
1907,320215,-119.52449440553801
1908,331515,74.47550559446199
1909,309115,138.475505594462
1910,301815,-43.52449440553801
1911,260315,183.475505594462
1912,260515,-1.383181367427028
1913,303615,93.47550559446199
1914,246315,21.475505594461993
1915,288215,118.47550559446199
1916,244415,37.47550559446199
1917,273615,-12.524494405538007
1918,275915,109.47550559446199
1919,250215,-107.38318136742703
1920,323215,151.61681863257297
1921,297015,-166.524494405538
1922,259915,-130.524494405538
1923,249915,27.616818632572972
1924,278015,-139.38318136742703
1925,304415,-5.524494405538007
1926,282915,-49.38318136742703
1927,282215,143.475505594462
1928,280315,99.47550559446199
1929,324215,149.475505594462
1930,285915,-27.524494405538007
1931,272915,-18.524494405538007
1932,261815,88.47550559446199
1933,295715,-157.524494405538
1934,236715,-187.524494405538
1935,326215,4.616818632572972
1936,275715,85.47550559446199
1937,333715,45.47550559446199
1938,290015,48.61681863257297
1939,260115,-25.383181367427028
1940,325715,-2.5244944055380074
1941,245415,-18.524494405538007
1942,333615,-59.52449440553801
1943,234315,52.61681863257297
1944,234815,38.61681863257297
1945,286415,-200.524494405538
1946,285815,30.616818632572972
1947,308415,122.61681863257297
1948,284615,-206.38318136742703
1949,311615,-205.524494405538
1950,284715,-117.38318136742703
1951,296115,122.61681863257297
1952,239615,-13.524494405538007
1953,235615,-258.383181367427
1954,306415,23.616818632572972
1955,308515,192.61681863257297
1956,309315,141.475505594462
1957,261615,254.475505594462
1958,316115,21.616818632572972
1959,274015,-74.38318136742703
1960,291115,-153.38318136742703
1961,261015,-13.383181367427028
1962,294315,88.47550559446199
1963,295115,-263.383181367427
1964,278215,-42.52449440553801
1965,300915,-211.524494405538
1966,292315,108.47550559446199
1967,330215,-16.383181367427028
1968,258915,-120.52449440553801
1969,334215,78.61681863257297
1970,319415,-100.38318136742703
1971,325015,-29.524494405538007
1972,309515,130.475505594462
1973,293715,284.475505594462
1974,279415,188.475505594462
1975,281215,143.61681863257297
1976,307415,14.616818632572972
1977,324015,-29.383181367427028
1978,324815,32.61681863257297
1979,320615,32.47550559446199
1980,322615,21.616818632572972
1981,296615,-50.52449440553801
1982,298815,-111.52449440553801
1983,284015,-38.52449440553801
1984,316915,-89.38318136742703
1985,310615,-140.38318136742703
1986,259615,-67.52449440553801
1987,307215,-75.52449440553801
1988,239315,162.61681863257297
1989,303015,114.61681863257297
1990,327915,104.61681863257297
1991,308715,106.47550559446199
1992,294015,192.475505594462
1993,273515,73.61681863257297
1994,317715,-85.38318136742703
1995,234115,46.61681863257297
1996,276315,-168.38318136742703
1997,246915,-258.383181367427
1998,309015,174.475505594462
1999,234015,-241.38318136742703
2000,271815,75.61681863257297
2001,288915,200.61681863257297
2002,305815,-21.524494405538007
2003,241515,246.61681863257297
2004,288715,30.616818632572972
2005,319315,-84.52449440553801
2006,274715,35.61681863257297
2007,315715,78.61681863257297
2008,256915,27.475505594461993
2009,238615,109.61681863257297
2010,323515,74.47550559446199
2011,295215,-33.52449440553801
2012,250915,9.616818632572972
2013,328515,123.61681863257297
2014,320315,355.616818632573
2015,318415,82.61681863257297
2016,313715,123.61681863257297
2017,245215,-202.38318136742703
2018,334715,14.475505594461993
2019,233615,25.616818632572972
2020,307715,-35.52449440553801
2021,324415,43.61681863257297
2022,327515,39.61681863257297
2023,261715,-78.52449440553801
2024,290215,175.61681863257297
2025,314415,-234.524494405538
2026,282015,-75.52449440553801
2027,322815,-38.52449440553801
2028,328915,175.475505594462
2029,257215,139.475505594462
2030,272815,12.616818632572972
2031,252815,46.61681863257297
2032,257615,267.616818632573
2033,243315,-40.38318136742703
2034,274515,-209.524494405538
2035,281615,97.47550559446199
2036,261115,66.47550559446199
2037,254615,-68.52449440553801
2038,256015,33.61681863257297
2039,256715,6.475505594461993
2040,333915,-49.38318136742703
2041,299415,-60.38318136742703
2042,272215,184.61681863257297
2043,326415,-121.52449440553801
2044,283215,23.616818632572972
2045,242815,2.616818632572972
2046,328015,-31.524494405538007
2047,279815,205.61681863257297
2048,332515,18.616818632572972
2049,315915,78.47550559446199
2050,244315,185.475505594462
2051,254415,23.616818632572972
2052,243415,59.61681863257297
2053,274315,-36.52449440553801
2054,325915,177.61681863257297
2055,256615,180.475505594462
2056,288515,79.47550559446199
2057,293215,17.616818632572972
2058,250815,-93.38318136742703
2059,296715,25.616818632572972
2060,299815,-70.52449440553801
2061,303115,59.61681863257297
2062,333115,-36.38318136742703
2063,239215,25.616818632572972
2064,327715,196.61681863257297
2065,239815,95.47550559446199
2066,316615,-110.38318136742703
2067,247915,128.475505594462
2068,298415,-222.38318136742703
2069,250615,-114.52449440553801
2070,287015,32.61681863257297
2071,314015,-62.52449440553801
2072,246115,-104.38318136742703
2073,302515,-132.38318136742703
2074,315515,-147.524494405538
2075,243215,-10.524494405538007
2076,246615,-33.52449440553801
2077,331215,-156.524494405538
2078,315415,23.475505594461993
2079,326115,-8.383181367427028
2080,248015,35.47550559446199
2081,238915,-164.524494405538
2082,297415,131.475505594462
2083,321015,-76.52449440553801
2084,287415,125.61681863257297
2085,295615,-154.38318136742703
2086,297215,-23.383181367427028
2087,302215,124.47550559446199
2088,238715,-80.38318136742703
2089,312315,5.475505594461993
2090,275815,-117.38318136742703
2091,273315,127.61681863257297
2092,259815,-33.52449440553801
2093,256215,276.475505594462
2094,253515,-73.52449440553801
2095,276415,-16.383181367427028
2096,287215,-159.524494405538
2097,324615,-150.38318136742703
2098,271615,63.47550559446199
2099,241715,157.475505594462
2100,328315,216.475505594462
2101,240015,-113.38318136742703
2102,238515,118.61681863257297
2103,256815,453.475505594462
2104,305115,11.475505594461993
2105,320715,125.47550559446199
2106,307915,77.47550559446199
2107,311415,-41.52449440553801
2108,297315,88.47550559446199
2109,331115,-267.524494405538
2110,301915,-16.383181367427028
2111,332015,5.475505594461993
2112,277715,107.61681863257297
2113,244615,174.61681863257297
2114,330715,127.47550559446199
2115,252715,-0.5244944055380074
2116,326815,-194.38318136742703
2117,282115,63.47550559446199
2118,239715,89.61681863257297
2119,321715,162.475505594462
2120,284415,-385.524494405538
2121,294715,-107.52449440553801
2122,258215,-40.52449440553801
2123,298715,93.47550559446199
2124,259315,40.61681863257297
2125,245815,-19.383181367427028
2126,284315,-217.524494405538
2127,295415,-20.383181367427028
2128,252015,66.61681863257297
2129,249815,86.61681863257297
2130,302715,96.61681863257297
2131,275415,127.61681863257297
2132,306815,-43.38318136742703
2133,289115,207.61681863257297
2134,316515,-214.38318136742703
2135,303915,-30.383181367427028
2136,330015,8.475505594461993
2137,287815,-11.383181367427028
2138,305415,-14.383181367427028
2139,237715,127.61681863257297
2140,282815,-272.524494405538
2141,258315,38.47550559446199
2142,332615,56.47550559446199
2143,331715,90.61681863257297
2144,298015,-80.38318136742703
2145,309415,214.61681863257297
2146,308115,-220.524494405538
2147,289315,33.61681863257297
2148,271115,85.61681863257297
2149,314315,234.475505594462
2150,274215,33.47550559446199
2151,280915,-219.524494405538
2152,246215,-37.52449440553801
2153,255815,6.475505594461993
2154,242915,-101.52449440553801
2155,253115,-270.383181367427
2156,252115,72.47550559446199
2157,327615,-51.38318136742703
2158,249415,229.475505594462
2159,240915,-205.38318136742703
2160,236015,-329.383181367427
2161,300715,181.61681863257297
2162,239115,-156.38318136742703
2163,298915,131.61681863257297
2164,293515,237.61681863257297
2165,278515,-40.38318136742703
2166,299515,147.475505594462
2167,258515,44.47550559446199
2168,272115,-39.38318136742703
2169,328415,90.47550559446199
2170,239915,-25.524494405538007
2171,301215,-283.383181367427
2172,277315,-180.38318136742703
2173,292015,115.61681863257297
2174,288615,-239.38318136742703
2175,237315,93.61681863257297
2176,249515,13.616818632572972
2177,311915,-18.383181367427028
2178,259415,133.475505594462
2179,276015,93.47550559446199
2180,312115,-17.383181367427028
2181,285115,-42.38318136742703
2182,320815,61.47550559446199
2183,330815,-224.38318136742703
2184,276515,-43.52449440553801
2185,311215,-36.38318136742703
2186,288815,80.47550559446199
2187,235215,-261.383181367427
2188,328115,90.61681863257297
2189,309715,302.616818632573
2190,318315,-128.38318136742703
2191,275615,175.475505594462
2192,247815,67.61681863257297
2193,306015,-229.38318136742703
2194,249115,-175.38318136742703
2195,292715,51.47550559446199
2196,295815,36.47550559446199
2197,286215,-377.383181367427
2198,273115,-19.383181367427028
2199,290515,0.6168186325729721
2200,288015,-185.524494405538
2201,316715,-92.38318136742703
2202,255415,-224.524494405538
2203,310215,163.475505594462
2204,271415,-19.383181367427028
2205,248515,29.616818632572972
2206,286715,-301.383181367427
2207,240515,80.61681863257297
2208,330915,127.61681863257297
2209,259215,-155.524494405538
2210,254315,-47.38318136742703
2211,251315,-35.52449440553801
2212,246015,46.61681863257297
2213,257715,151.475505594462
2214,289815,-163.524494405538
2215,328615,102.61681863257297
2216,235415,169.475505594462
2217,310315,235.61681863257297
2218,297815,64.47550559446199
2219,283115,5.616818632572972
2220,315015,-17.383181367427028
2221,245315,-56.38318136742703
2222,250115,132.475505594462
2223,297715,8.616818632572972
2224,308015,175.475505594462
2225,255015,80.61681863257297
2226,316415,-98.38318136742703
2227,311015,-140.38318136742703
2228,315815,-164.524494405538
2229,312815,-60.52449440553801
2230,257315,211.61681863257297
2231,253015,130.475505594462
2232,315115,-33.38318136742703
2233,325215,-232.38318136742703
2234,314515,10.616818632572972
2235,321515,-89.52449440553801
2236,277415,-332.383181367427
2237,238815,90.61681863257297
2238,232915,75.61681863257297
2239,281715,-62.52449440553801
2240,279715,-57.38318136742703
2241,292615,-40.38318136742703
2242,319715,-99.38318136742703
2243,297515,216.475505594462
2244,299315,-186.524494405538
2245,306315,-74.38318136742703
2246,292415,45.61681863257297
2247,294815,-22.383181367427028
2248,318515,-68.38318136742703
2249,286915,-23.524494405538007
2250,251815,-52.52449440553801
2251,253215,42.47550559446199
2252,253415,29.616818632572972
2253,332215,-165.524494405538
2254,276715,-280.383181367427
2255,329215,217.61681863257297
2256,283415,-22.383181367427028
2257,319615,67.47550559446199
2258,322515,133.61681863257297
2259,320415,144.475505594462
2260,240615,-36.52449440553801
2261,286515,-328.383181367427
2262,321815,-29.524494405538007
2263,304915,-103.38318136742703
2264,247015,-8.383181367427028
2265,326615,66.61681863257297
2266,293315,189.61681863257297
2267,301615,52.61681863257297
2268,313515,107.61681863257297
2269,323715,76.47550559446199
2270,329115,-9.524494405538007
2271,236415,-157.524494405538
2272,307615,32.47550559446199
2273,273215,-24.383181367427028
2274,281515,114.47550559446199
2275,307315,51.47550559446199
2276,318115,-361.524494405538
2277,281415,-3.5244944055380074
2278,321415,75.61681863257297
2279,279915,126.47550559446199
2280,277215,-26.383181367427028
2281,330315,-14.524494405538007
2282,274415,-82.52449440553801
2283,307815,67.61681863257297
2284,321315,60.47550559446199
2285,311315,-173.38318136742703
2286,235815,128.475505594462
2287,322915,-230.524494405538
2288,274615,28.475505594461993
2289,282415,217.475505594462
2290,234515,-167.524494405538
2291,281115,67.47550559446199
2292,248715,58.47550559446199
2293,250715,-113.38318136742703
2294,271915,-3.5244944055380074
2295,237415,-36.38318136742703
2296,303415,-27.383181367427028
2297,236215,35.61681863257297
2298,297915,45.61681863257297
2299,274115,163.61681863257297
2300,907807,-221.78738112381143
2301,905607,-18.78738112381143
2302,903907,-128.78738112381143
2303,906407,100.21261887618857
2304,900807,193.21261887618857
2305,908607,-26.78738112381143
2306,913907,-3.7873811238114286
2307,910307,-146.78738112381143
2308,913807,134.35393191429955
2309,912807,204.21261887618857
2310,904207,-157.64606808570045
2311,910607,169.21261887618857
2312,905207,-73.78738112381143
2313,912507,-28.78738112381143
2314,909607,284.21261887618857
2315,916207,-94.78738112381143
2316,905507,-156.78738112381143
2317,911907,-204.78738112381143
2319,901307,87.21261887618857
2321,901807,-181.78738112381143
2322,906107,320.21261887618857
2323,909707,-101.78738112381143
2324,916007,306.21261887618857
2325,915307,325.21261887618857
2326,914207,160.21261887618857
2327,901007,21.21261887618857
2328,911407,23.21261887618857
2329,903207,-107.78738112381143
2330,912407,39.21261887618857
2331,905007,-231.78738112381143
2332,902307,-88.78738112381143
2333,902807,-125.78738112381143
2334,913507,-196.78738112381143
2335,911707,-68.78738112381143
2336,901607,-192.78738112381143
2337,908307,58.21261887618857
2338,910007,-191.78738112381143
2339,912907,89.21261887618857
2340,909007,219.21261887618857
2341,901207,-126.78738112381143
2342,914107,143.21261887618857
2343,638105,-11.875182911322895
2344,629505,56.983504050566125
2345,629105,38.124817088677105
2346,628705,1.124817088677105
2347,639805,116.1248170886771
2348,629005,41.983504050566125
2349,628405,-123.8751829113229
2350,610705,216.1248170886771
2351,627705,-108.01649594943387
2352,609705,-5.016495949433875
2353,622705,-155.8751829113229
2354,635405,92.98350405056613
2355,639205,-140.8751829113229
2356,621405,117.1248170886771
2357,629705,25.983504050566125
2358,627605,187.1248170886771
2359,635905,-191.8751829113229
2360,611005,8.983504050566125
2361,610205,84.98350405056613
2362,627005,-169.01649594943387
2363,630505,57.124817088677105
2364,632505,78.98350405056613
2365,619605,20.124817088677105
2366,614805,-76.8751829113229
2367,633505,-43.875182911322895
2368,613405,35.983504050566125
2369,609605,-46.875182911322895
2370,616105,-52.875182911322895
2371,620305,67.1248170886771
2372,630405,7.983504050566125
2373,614605,131.98350405056613
2374,609005,-172.01649594943387
2375,624405,235.98350405056613
2376,620105,149.1248170886771
2377,620505,-193.8751829113229
2378,616905,-24.016495949433875
2379,638305,-33.016495949433875
2380,608905,-30.875182911322895
2381,625705,138.98350405056613
2382,611105,-47.875182911322895
2384,623005,-136.01649594943387
2385,631205,190.98350405056613
2386,636105,-30.016495949433875
2387,612105,101.98350405056613
2388,633305,114.98350405056613
2389,626305,8.983504050566125
2390,616005,-128.8751829113229
2391,626105,126.98350405056613
2392,639005,63.124817088677105
2393,614005,-24.016495949433875
2394,612305,0.12481708867710495
2395,634905,-58.875182911322895
2396,620605,-144.01649594943387
2397,617605,-38.016495949433875
2398,636205,-162.8751829113229
2399,632405,-165.01649594943387
2400,619405,46.124817088677105
2401,626805,-81.8751829113229
2402,626205,121.1248170886771
2403,633705,125.1248170886771
2404,618505,108.98350405056613
2405,620205,58.983504050566125
2406,621005,-41.016495949433875
2407,626005,38.124817088677105
2408,613505,-166.01649594943387
2409,636005,-4.875182911322895
2410,632605,43.124817088677105
2411,624505,154.98350405056613
2412,622605,-145.8751829113229
2413,637405,104.98350405056613
2414,610505,-85.01649594943387
2415,632005,-237.01649594943387
2416,619305,18.983504050566125
2417,624905,-16.875182911322895
2418,619105,-270.8751829113229
2419,614205,38.983504050566125
2420,639305,-24.016495949433875
2421,630805,89.98350405056613
2422,616805,-109.8751829113229
2423,609305,45.983504050566125
2424,637905,-266.0164959494339
2425,616305,-182.01649594943387
2426,627805,-169.8751829113229
2427,636605,134.98350405056613
2428,622305,82.1248170886771
2429,631705,216.1248170886771
2430,629605,-121.8751829113229
2431,618005,68.1248170886771
2432,615605,62.983504050566125
2433,626605,396.1248170886771
2434,620805,-237.8751829113229
2435,619205,-254.8751829113229
2437,637505,132.98350405056613
2438,630605,199.98350405056613
2439,621805,141.98350405056613
2440,637805,-89.8751829113229
2441,638505,15.124817088677105
2442,622805,68.98350405056613
2443,629405,64.1248170886771
2444,631805,80.1248170886771
2445,632705,188.1248170886771
2446,633805,-13.875182911322895
2447,620005,439.9835040505661
2448,617705,-134.01649594943387
2449,615205,28.983504050566125
2450,632305,-176.8751829113229
2451,629205,-64.01649594943387
2452,627505,-15.016495949433875
2453,636705,-76.8751829113229
2454,639105,-29.016495949433875
2455,616405,-102.8751829113229
2456,635705,-179.01649594943387
2457,623905,234.98350405056613
2458,618305,7.124817088677105
2459,617805,25.983504050566125
2460,615005,-289.0164959494339
2461,126913,-15.008290849368677
2462,128913,235.99170915063132
2463,137413,-305.0082908493687
2464,127413,-88.14960388747977
2465,128313,195.85039611252023
2466,129113,-163.00829084936868
2467,132613,-47.00829084936868
2468,135313,-65.00829084936868
2469,133113,74.85039611252023
2470,131413,65.99170915063132
2471,135713,103.85039611252023
2472,135013,10.991709150631323
2473,134613,-291.14960388747977
2474,128813,253.85039611252023
2475,128013,-197.00829084936868
2476,133813,298.85039611252023
2477,138613,-160.14960388747977
2478,132713,25.991709150631323
2479,135413,-96.14960388747977
2480,127913,-60.14960388747977
2481,137213,196.99170915063132
2482,133913,139.85039611252023
2483,129313,191.99170915063132
2484,129913,116.99170915063132
2485,129513,155.99170915063132
2486,127713,124.85039611252023
2487,127313,-63.14960388747977
2488,133713,-374.0082908493687
2489,135513,-57.00829084936868
2490,134813,-317.0082908493687
2491,132813,244.85039611252023
2492,131013,104.99170915063132
2493,130813,76.85039611252023
2494,136013,-69.00829084936868
2495,138713,-248.14960388747977
2496,137013,-58.14960388747977
2497,129813,30.991709150631323
2498,127513,-129.00829084936868
2499,132913,-94.00829084936868
2500,137513,-34.00829084936868
2501,133213,223.85039611252023
2502,130213,120.85039611252023
2503,129013,274.85039611252023
2504,135813,9.85039611252023
2505,134913,-46.14960388747977
2506,132313,257.9917091506313
2507,136713,-154.00829084936868
2508,132213,2.8503961125202295
2509,133013,94.99170915063132
2510,136413,294.9917091506313
2511,133613,-100.14960388747977
2512,134313,130.99170915063132
2513,126813,-117.00829084936868
2514,127213,-100.14960388747977
2515,134013,39.85039611252023
2516,131613,-175.14960388747977
2517,131513,16.85039611252023
2518,137113,-103.00829084936868
2519,128513,-167.00829084936868
2520,134213,-105.14960388747977
2521,135213,-139.00829084936868
2522,127113,-17.008290849368677
2523,127013,-72.14960388747977
2524,134113,74.85039611252023
2525,131713,-90.14960388747977
2526,136513,-34.00829084936868
2527,136313,-77.00829084936868
2528,129413,186.85039611252023
2529,138313,56.85039611252023
2530,138813,-209.00829084936868
2531,131813,-124.00829084936868
2532,138113,70.85039611252023
2533,132413,116.85039611252023
2534,132113,91.85039611252023
2535,126713,-158.14960388747977
2536,132513,202.99170915063132
2537,629911,9.168286359595868
2538,639811,265.30959939770696
2539,630811,-54.69040060229304
2540,628711,-117.69040060229304
2541,630511,-207.83171364040413
2542,635911,-210.83171364040413
2543,637011,-101.83171364040413
2544,639611,143.30959939770696
2545,625211,-69.69040060229304
2546,641411,180.30959939770696
2547,622911,55.16828635959587
2548,636511,30.30959939770696
2549,627411,51.16828635959587
2550,635111,-237.69040060229304
2551,633611,55.30959939770696
2552,623811,142.30959939770696
2553,641211,162.30959939770696
2554,623411,277.30959939770696
2555,628911,221.30959939770696
2556,625311,89.16828635959587
2557,638411,85.30959939770696
2558,632511,265.16828635959587
2559,632011,-84.83171364040413
2560,626711,209.16828635959587
2561,630711,121.16828635959587
2562,634411,-196.69040060229304
2563,632711,-3.831713640404132
2564,624511,-177.83171364040413
2565,633911,-163.83171364040413
2566,637311,-353.83171364040413
2567,627611,52.16828635959587
2568,637111,-121.69040060229304
2569,639311,81.16828635959587
2570,628311,-47.83171364040413
2571,635011,-197.69040060229304
2572,622311,-262.69040060229304
2573,626911,168.16828635959587
2574,625911,-219.69040060229304
2575,630911,-196.69040060229304
2576,636211,0.3095993977069611
2577,633211,-202.69040060229304
2578,637911,50.30959939770696
2579,623511,234.16828635959587
2580,626211,48.16828635959587
2581,639111,-85.83171364040413
2582,640611,159.16828635959587
2583,631711,-203.83171364040413
2584,625711,-56.83171364040413
2585,640111,97.30959939770696
2586,641111,-6.831713640404132
2587,632411,70.30959939770696
2588,633011,15.309599397706961
2589,638211,20.30959939770696
2590,624111,-116.69040060229304
2591,638311,21.168286359595868
2592,630411,-113.83171364040413
2593,640811,95.30959939770696
2594,634711,324.16828635959587
2595,631411,-70.83171364040413
2596,629511,-54.69040060229304
2597,633711,57.30959939770696
2598,635211,-105.83171364040413
2599,626811,51.30959939770696
2600,626511,-49.69040060229304
2601,633811,9.168286359595868
2602,640511,109.30959939770696
2603,628011,215.30959939770696
2604,627111,55.30959939770696
2605,634111,-62.69040060229304
2606,630111,-203.69040060229304
2607,639211,192.30959939770696
2608,631311,-187.69040060229304
2609,624011,9.309599397706961
2610,635811,-113.69040060229304
2611,636611,-134.83171364040413
2612,627811,-75.83171364040413
2613,629011,298.16828635959587
2614,635411,-97.69040060229304
2615,624411,-148.83171364040413
2616,634511,256.16828635959587
2617,637711,-47.83171364040413
2618,640411,148.16828635959587
2619,633411,-53.83171364040413
2620,633311,-146.69040060229304
2621,639911,169.16828635959587
2622,629211,-168.83171364040413
2623,640311,165.30959939770696
2624,222409,-202.87216974171815
2625,225509,-17.872169741718153
2626,215809,-127.01348277982913
2627,230309,-177.01348277982913
2628,215209,127.98651722017087
2629,225709,-151.87216974171815
2630,216009,-173.87216974171815
2631,223909,-172.87216974171815
2632,222709,223.12783025828185
2633,221309,292.98651722017087
2634,216709,-108.87216974171815
2635,226409,7.127830258281847
2636,231509,-145.01348277982913
2637,232809,-22.872169741718153
2638,230109,-146.87216974171815
2639,232009,-148.87216974171815
2640,216809,-46.87216974171815
2641,215309,365.98651722017087
2642,217709,-232.87216974171815
2643,220409,262.98651722017087
2644,223409,227.98651722017087
2645,221509,103.12783025828185
2646,228609,-144.01348277982913
2647,218809,151.12783025828185
2648,231309,-91.87216974171815
2649,228109,149.12783025828185
2650,222609,117.98651722017087
2651,222509,128.12783025828185
2652,227809,121.98651722017087
2653,217609,-83.01348277982913
2654,225809,-164.01348277982913
2655,225609,-187.01348277982913
2656,227409,168.98651722017087
2657,230509,41.98651722017087
2658,228509,-91.87216974171815
2659,229509,-78.87216974171815
2660,227509,61.12783025828185
2661,218309,-20.872169741718153
2662,216509,-109.01348277982913
2663,221609,34.12783025828185
2664,219009,106.12783025828185
2665,231809,-172.87216974171815
2666,223509,96.12783025828185
2667,224009,76.98651722017087
2668,215709,-190.01348277982913
2669,220709,115.98651722017087
2670,226609,216.98651722017087
2671,226509,166.98651722017087
2672,229909,-83.01348277982913
2673,231909,-73.01348277982913
2674,157814,-133.17323858393547
2675,160414,130.82676141606453
2676,152014,106.96807445417562
2677,151914,318.8267614160645
2678,159514,234.82676141606453
2679,169814,40.96807445417562
2680,156914,-215.03192554582438
2681,154014,39.96807445417562
2682,153814,-218.03192554582438
2683,153014,-14.031925545824379
2684,150414,-11.173238583935472
2685,156814,-31.173238583935472
2686,150214,-89.03192554582438
2687,159414,115.96807445417562
2688,152614,128.96807445417562
2689,152314,-13.173238583935472
2690,152214,305.8267614160645
2691,156514,47.96807445417562
2692,146314,-114.03192554582438
2693,151814,242.82676141606453
2694,154614,-182.17323858393547
2695,156314,-69.03192554582438
2696,150314,161.96807445417562
2697,156714,-107.17323858393547
2698,151014,-50.03192554582438
2699,157914,-135.17323858393547
2700,158814,-302.0319255458244
2701,158014,-174.03192554582438
2702,157014,105.96807445417562
2703,156114,149.82676141606453
2704,154814,-196.03192554582438
2705,156414,-77.17323858393547
2706,339703,-102.94501522463861
2707,335803,-103.0863282627497
2708,337703,-212.9450152246386
2709,355403,60.05498477536139
2710,338303,67.9136717372503
2711,321403,82.05498477536139
2712,343503,121.05498477536139
2713,340403,168.9136717372503
2714,320103,-80.94501522463861
2715,358803,-37.94501522463861
2716,343303,1.0549847753613903
2717,355003,-100.94501522463861
2718,329703,26.05498477536139
2719,328103,-6.94501522463861
2720,333703,-298.9450152246386
2721,360603,-97.0863282627497
2722,329603,119.9136717372503
2723,360903,-32.94501522463861
2724,333403,-143.9450152246386
2725,334403,-11.94501522463861
2726,320703,289.9136717372503
2727,341503,73.05498477536139
2728,343003,-43.94501522463861
2729,326203,168.0549847753614
2730,353703,-24.086328262749703
2731,333503,19.913671737250297
2732,320203,16.05498477536139
2733,326403,169.9136717372503
2734,359603,168.9136717372503
2735,358103,-152.9450152246386
2736,342403,1.0549847753613903
2737,341703,16.05498477536139
2738,338503,-15.94501522463861
2739,351903,-134.9450152246386
2740,345303,84.05498477536139
2741,347003,-57.0863282627497
2742,331603,297.9136717372503
2743,352603,-124.94501522463861
2744,328903,-272.9450152246386
2745,326103,-683.0863282627497
2746,348703,267.0549847753614
2747,333203,-213.0863282627497
2748,343603,129.9136717372503
2749,342803,-118.94501522463861
2750,331703,155.0549847753614
2751,326603,129.9136717372503
2752,335903,98.05498477536139
2753,341403,-244.9450152246386
2754,339503,239.0549847753614
2755,333103,-26.94501522463861
2756,327303,-97.94501522463861
2757,357203,13.913671737250297
2758,337303,-56.0863282627497
2759,336003,-30.086328262749703
2760,350503,-15.086328262749703
2761,351503,66.05498477536139
2762,358403,219.9136717372503
2763,330803,351.0549847753614
2764,338603,-231.0863282627497
2765,346403,133.9136717372503
2766,323203,104.9136717372503
2767,329403,47.9136717372503
2768,343703,177.0549847753614
2769,340703,235.9136717372503
2770,328703,-197.9450152246386
2771,316803,75.05498477536139
2772,325903,-8.086328262749703
2773,356703,-176.9450152246386
2774,326703,355.9136717372503
2775,345603,76.9136717372503
2776,338003,59.9136717372503
2777,359303,-187.0863282627497
2778,349203,-16.94501522463861
2779,341103,-178.9450152246386
2780,345003,184.0549847753614
2781,330603,379.9136717372503
2782,322003,-55.94501522463861
2783,352103,-52.94501522463861
2784,352203,-184.0863282627497
2785,321103,138.9136717372503
2786,358203,-140.0863282627497
2787,352303,-220.9450152246386
2788,338903,66.9136717372503
2789,316903,-255.0863282627497
2790,329803,144.0549847753614
2791,360803,11.05498477536139
2792,346203,189.0549847753614
2793,329503,122.05498477536139
2794,325003,-22.94501522463861
2795,316503,-23.086328262749703
2796,340103,148.9136717372503
2797,318003,90.9136717372503
2798,338803,107.05498477536139
2799,340803,-176.0863282627497
2800,330403,359.0549847753614
2801,345903,-11.94501522463861
2802,334903,-112.94501522463861
2803,345803,-88.94501522463861
2804,332703,73.05498477536139
2805,327503,-245.0863282627497
2806,354603,-129.9450152246386
2807,315403,-124.94501522463861
2808,315103,-482.0863282627497
2809,332503,-30.086328262749703
2810,318403,49.05498477536139
2811,343203,156.9136717372503
2812,344203,5.05498477536139
2813,343103,-70.94501522463861
2814,325303,221.9136717372503
2815,347303,31.05498477536139
2816,355303,27.05498477536139
2817,338703,-107.0863282627497
2818,359903,108.05498477536139
2819,359403,294.9136717372503
2820,333303,-14.94501522463861
2821,350803,171.9136717372503
2822,353103,-90.0863282627497
2823,349403,-98.94501522463861
2824,339603,-100.94501522463861
2825,338103,-239.0863282627497
2826,349903,115.05498477536139
2827,340203,76.9136717372503
2828,323003,87.9136717372503
2829,354203,-57.94501522463861
2830,347203,196.0549847753614
2831,351103,122.05498477536139
2832,343403,99.05498477536139
2833,332603,-149.0863282627497
2834,316703,-85.0863282627497
2835,330503,190.9136717372503
2836,359103,31.913671737250297
2837,340303,21.05498477536139
2838,334203,-37.0863282627497
2839,344603,-28.94501522463861
2840,356603,-51.94501522463861
2841,356403,35.9136717372503
2842,319903,72.05498477536139
2843,319003,120.9136717372503
2844,354703,-20.94501522463861
2845,318803,-23.086328262749703
2846,350603,-113.0863282627497
2847,352503,-26.94501522463861
2848,321803,-191.0863282627497
2849,315903,-196.0863282627497
2850,328403,-35.94501522463861
2851,318603,-24.94501522463861
2852,351003,46.05498477536139
2853,341803,-52.0863282627497
2854,343903,127.9136717372503
2855,330303,-37.94501522463861
2856,327803,196.9136717372503
2857,339903,170.0549847753614
2858,340003,151.9136717372503
2859,322303,-42.0863282627497
2860,332303,-23.086328262749703
2861,335403,-67.94501522463861
2862,352903,2.0549847753613903
2863,324403,-20.94501522463861
2864,324503,-99.94501522463861
2865,343803,-5.94501522463861
2866,322403,149.0549847753614
2867,330703,115.05498477536139
2868,325703,214.0549847753614
2869,345203,17.05498477536139
2870,348503,12.05498477536139
2871,326003,-580.9450152246386
2872,353503,154.0549847753614
2873,326803,-50.0863282627497
2874,353303,-257.9450152246386
2875,328803,157.9136717372503
2876,337803,-312.0863282627497
2877,329903,-279.9450152246386
2878,334703,-51.0863282627497
2879,330903,295.9136717372503
2880,354403,-100.94501522463861
2881,323603,-187.0863282627497
2882,315803,119.05498477536139
2883,359203,-48.0863282627497
2884,353403,-112.94501522463861
2885,357003,-66.94501522463861
2886,344303,156.9136717372503
2887,316203,-246.0863282627497
2888,353903,-182.0863282627497
2889,348803,74.9136717372503
2890,347703,-153.9450152246386
2891,337103,31.05498477536139
2892,336103,-92.94501522463861
2893,332903,17.05498477536139
2894,317003,-10.94501522463861
2895,322603,131.0549847753614
2896,324803,-26.086328262749703
2897,321303,174.9136717372503
2898,359703,-35.0863282627497
2899,346903,-99.0863282627497
2900,328503,-139.9450152246386
2901,353003,-301.9450152246386
2902,317203,79.05498477536139
2903,331203,457.0549847753614
2904,350203,142.0549847753614
2905,339803,-97.0863282627497
2906,338203,18.05498477536139
2907,348403,235.9136717372503
2908,345503,-108.94501522463861
2909,357703,221.9136717372503
2910,342503,7.913671737250297
2911,356903,54.05498477536139
2912,337403,59.9136717372503
2913,358003,-23.086328262749703
2914,336903,35.05498477536139
2915,354503,-266.9450152246386
2916,335703,-330.9450152246386
2917,321903,-6.94501522463861
2918,318903,-18.94501522463861
2919,350003,-37.94501522463861
2920,320403,133.9136717372503
2921,339003,-187.9450152246386
2922,321603,40.05498477536139
2923,330103,-121.94501522463861
2924,356003,-158.0863282627497
2925,344103,-125.94501522463861
2926,324603,36.05498477536139
2927,318303,-118.94501522463861
2928,325103,-161.9450152246386
2929,320803,-5.086328262749703
2930,318203,37.9136717372503
2931,350703,6.05498477536139
2932,354303,-57.94501522463861
2933,330203,241.9136717372503
2934,320603,99.05498477536139
2935,315503,-92.94501522463861
2936,351303,-6.94501522463861
2937,344803,121.05498477536139
2938,334503,-103.94501522463861
2939,347803,-82.0863282627497
2940,346803,-3.086328262749703
2941,360303,81.9136717372503
2942,319703,-26.94501522463861
2943,354003,-157.9450152246386
2944,331303,456.9136717372503
2945,349103,89.05498477536139
2946,358703,-59.94501522463861
2947,321003,-52.0863282627497
2948,357803,79.05498477536139
2949,351403,285.9136717372503
2950,317503,29.05498477536139
2951,323803,107.9136717372503
2952,322203,81.05498477536139
2953,327003,-70.94501522463861
2954,333603,90.05498477536139
2955,361203,41.9136717372503
2956,349003,-66.94501522463861
2957,346603,-147.9450152246386
2958,346503,39.9136717372503
2959,338403,-109.94501522463861
2960,316603,-75.0863282627497
2961,335203,110.05498477536139
2962,323503,222.0549847753614
2963,317803,64.9136717372503
2964,315603,-42.0863282627497
2965,321703,-93.0863282627497
2966,332203,177.0549847753614
2967,334603,-77.94501522463861
2968,317903,-125.94501522463861
2969,331503,405.9136717372503
2970,327103,-25.94501522463861
2971,355803,-148.9450152246386
2972,352003,-138.0863282627497
2973,341603,-22.086328262749703
2974,331403,239.0549847753614
2975,319303,-51.0863282627497
2976,342703,47.05498477536139
2977,339303,120.9136717372503
2978,329003,38.9136717372503
2979,344003,27.05498477536139
2980,340903,-104.94501522463861
2981,344503,180.0549847753614
2982,319203,-70.0863282627497
2983,347903,-107.94501522463861
2984,320303,33.9136717372503
2985,330003,44.05498477536139
2986,335303,75.05498477536139
2987,327903,-97.94501522463861
2988,318103,173.0549847753614
2989,360003,39.05498477536139
2990,357103,65.05498477536139
2991,350903,200.9136717372503
2992,342603,192.9136717372503
2993,337003,52.9136717372503
2994,335003,17.05498477536139
2995,356203,-78.94501522463861
2996,349703,72.05498477536139
2997,315703,-159.9450152246386
2998,327703,-128.0863282627497
2999,317603,-34.94501522463861
3000,351603,17.05498477536139
3001,360403,55.9136717372503
3002,357303,-77.0863282627497
3003,320003,-47.94501522463861
3004,323403,31.05498477536139
3005,357503,20.913671737250297
3006,322803,160.0549847753614
3007,332403,-28.94501522463861
3008,334103,-101.0863282627497
3009,360103,134.0549847753614
3010,360503,1.0549847753613903
3011,340603,121.05498477536139
3012,323903,-85.0863282627497
3013,357903,-92.94501522463861
3014,356503,126.05498477536139
3015,359503,192.0549847753614
3016,342303,68.9136717372503
3017,331103,-118.94501522463861
3018,318703,90.9136717372503
3019,327603,-57.94501522463861
3020,326903,-144.9450152246386
3021,348903,106.05498477536139
3022,322703,60.9136717372503
3023,345703,-71.94501522463861
3024,332803,-132.9450152246386
3025,350403,-150.9450152246386
3026,335103,22.05498477536139
3027,358903,31.05498477536139
3028,342903,-124.94501522463861
3029,331003,-36.94501522463861
3030,351703,-146.0863282627497
3031,356303,56.05498477536139
3032,353203,-58.0863282627497
3033,319603,168.9136717372503
3034,355703,-9.94501522463861
3035,317103,-98.0863282627497
3036,352803,-89.0863282627497
3037,320503,89.9136717372503
3038,354103,-82.0863282627497
3039,317403,92.05498477536139
3040,328203,82.05498477536139
3041,326503,167.9136717372503
3042,319803,72.05498477536139
3043,336203,122.9136717372503
3044,323303,-44.94501522463861
3045,346303,25.913671737250297
3046,342203,-79.0863282627497
3047,336503,-141.9450152246386
3048,316103,-141.9450152246386
3049,319503,147.9136717372503
3050,323103,-42.94501522463861
3051,331803,-13.94501522463861
3052,328003,57.9136717372503
3053,360703,75.05498477536139
3054,355503,-54.94501522463861
3055,331903,106.9136717372503
3056,357403,-94.94501522463861
3057,335503,-17.086328262749703
3058,334003,149.9136717372503
3059,315303,-76.94501522463861
3060,337503,-230.9450152246386
3061,316003,0.9136717372502972
3062,350103,142.0549847753614
3063,332103,207.0549847753614
3064,319403,-117.94501522463861
3065,342103,16.05498477536139
3066,358303,63.9136717372503
3067,322103,153.9136717372503
3068,329303,27.05498477536139
3069,327403,-83.0863282627497
3070,319103,186.0549847753614
3071,337603,-0.9450152246386097
3072,348003,-276.9450152246386
3073,346003,-143.9450152246386
3074,341003,30.05498477536139
3075,339403,116.05498477536139
3076,360203,307.9136717372503
3077,315203,37.05498477536139
3078,329103,165.9136717372503
3079,359003,-72.0863282627497
3080,329203,-290.9450152246386
3081,324703,-224.9450152246386
3082,348303,-71.0863282627497
3083,347103,-66.0863282627497
3084,326303,-421.9450152246386
3085,320903,99.05498477536139
3086,361003,90.9136717372503
3087,325403,155.0549847753614
3088,317303,140.0549847753614
3089,347603,-91.94501522463861
3090,324303,-2.9450152246386097
3091,323703,-24.94501522463861
3092,324203,-265.9450152246386
3093,351203,-36.94501522463861
3094,358603,218.9136717372503
3095,353603,23.05498477536139
3096,348603,20.05498477536139
3097,356803,81.9136717372503
3098,321203,-93.94501522463861
3099,339203,-189.9450152246386
3100,317703,60.05498477536139
3101,349803,-3.9450152246386097
3102,347503,29.913671737250297
3103,357603,-147.0863282627497
3104,349503,144.0549847753614
3105,355103,48.9136717372503
3106,322503,16.913671737250297
3107,333803,-127.0863282627497
3108,352703,119.9136717372503
3109,345403,136.0549847753614
3110,340503,226.9136717372503
3111,324903,-135.0863282627497
3112,346703,-206.9450152246386
3113,339103,44.05498477536139
3114,341203,-3.086328262749703
3115,354803,-17.94501522463861
3116,352403,-269.0863282627497
3117,325503,219.0549847753614
3118,337203,-144.0863282627497
3119,344903,216.9136717372503
3120,321503,12.05498477536139
3121,333003,11.05498477536139
3122,358503,77.05498477536139
3123,316303,133.9136717372503
3124,336303,-117.94501522463861
3125,341303,-180.9450152246386
3126,353803,-140.0863282627497
3127,334803,-138.9450152246386
3128,335603,-167.9450152246386
3129,327203,-245.9450152246386
3130,351803,-132.9450152246386
3131,341903,117.9136717372503
3132,325803,127.9136717372503
3133,355903,-210.0863282627497
3134,342003,-40.94501522463861
